Day,Market Participant,Equity Option Contracts,Equity Option Trade Count,Equity Option Notional,Index/Other Option Contracts,Index/Other Option Trade Count,Index/Other Option Notional,Total Option Contracts,Total Trade Count,Total Option Notional
15/05/2025,NYSE American Options (A)," 2,555,692.00 "," 277,673.00 "," 897,908,003.00 ", -   , -   , -   ," 2,555,692.00 "," 277,673.00 "," 897,908,003.00 "
15/05/2025,BOX Options (B)," 5,174,128.00 "," 358,321.00 "," 6,624,728,599.00 ", -   , -   , -   ," 5,174,128.00 "," 358,321.00 "," 6,624,728,599.00 "
15/05/2025,Cboe Options Exchange (C)," 4,709,916.00 "," 758,194.00 "," 2,201,028,917.00 "," 4,831,263.00 "," 971,974.00 "," 13,746,248,608.00 "," 9,541,179.00 "," 1,730,168.00 "," 15,947,277,525.00 "
15/05/2025,MIAX Emerald (D)," 2,430,677.00 "," 432,972.00 "," 757,912,536.00 ", -   , -   , -   ," 2,430,677.00 "," 432,972.00 "," 757,912,536.00 "
15/05/2025,Cboe EDGX Options Exchange (E)," 3,793,062.00 "," 559,623.00 "," 1,096,687,251.00 ", -   , -   , -   ," 3,793,062.00 "," 559,623.00 "," 1,096,687,251.00 "
15/05/2025,Nasdaq GEMX (H)," 2,010,821.00 "," 242,170.00 "," 484,813,965.00 "," 1,997.00 "," 1,118.00 "," 430,851,058.00 "," 2,012,818.00 "," 243,288.00 "," 915,665,023.00 "
15/05/2025,Nasdaq ISE (I)," 3,499,759.00 "," 490,935.00 "," 2,253,570,410.50 "," 44,645.00 "," 13,617.00 "," 763,014,755.00 "," 3,544,404.00 "," 504,552.00 "," 3,016,585,165.50 "
15/05/2025,Nasdaq MRX (J)," 1,706,959.00 "," 230,859.00 "," 494,621,051.00 ", -   , -   , -   ," 1,706,959.00 "," 230,859.00 "," 494,621,051.00 "
15/05/2025,MIAX Options Exchange (M)," 4,319,685.00 "," 697,653.00 "," 1,421,809,106.00 ", -   , -   , -   ," 4,319,685.00 "," 697,653.00 "," 1,421,809,106.00 "
15/05/2025,NYSE Arca Options (N)," 6,245,807.00 "," 838,068.00 "," 2,751,856,218.00 ", -   , -   , -   ," 6,245,807.00 "," 838,068.00 "," 2,751,856,218.00 "
15/05/2025,MIAX Pearl (P)," 830,749.00 "," 105,278.00 "," 178,676,698.00 ", -   , -   , -   ," 830,749.00 "," 105,278.00 "," 178,676,698.00 "
15/05/2025,NASDAQ Options Market (Q)," 2,481,133.00 "," 356,155.00 "," 840,542,488.00 ", -   , -   , -   ," 2,481,133.00 "," 356,155.00 "," 840,542,488.00 "
15/05/2025,MIAX Sapphire (S)," 1,796,075.00 "," 238,604.00 "," 512,678,623.00 ", -   , -   , -   ," 1,796,075.00 "," 238,604.00 "," 512,678,623.00 "
15/05/2025,Nasdaq BX Options (T)," 886,143.00 "," 101,776.00 "," 174,229,713.00 ", -   , -   , -   ," 886,143.00 "," 101,776.00 "," 174,229,713.00 "
15/05/2025,Members Exchange (U)," 1,918,872.00 "," 266,913.00 "," 502,028,124.00 ", -   , -   , -   ," 1,918,872.00 "," 266,913.00 "," 502,028,124.00 "
15/05/2025,Cboe C2 Options Exchange (W)," 1,724,262.00 "," 205,153.00 "," 427,767,850.00 "," 8,880.00 "," 2,369.00 "," 27,224,513.00 "," 1,733,142.00 "," 207,522.00 "," 454,992,363.00 "
15/05/2025,Nasdaq PHLX (X)," 5,967,310.00 "," 460,841.00 "," 5,064,315,302.00 "," 79,784.00 "," 17,044.00 "," 807,969,138.00 "," 6,047,094.00 "," 477,885.00 "," 5,872,284,440.00 "
15/05/2025,Cboe BZX Options Exchange (Z)," 2,093,530.00 "," 292,117.00 "," 755,699,808.00 "," 2,184.00 ", 461.00 ," 15,929,942.00 "," 2,095,714.00 "," 292,578.00 "," 771,629,750.00 "
14/05/2025,NYSE American Options (A)," 2,878,046.00 "," 287,429.00 "," 902,806,498.00 ", -   , -   , -   ," 2,878,046.00 "," 287,429.00 "," 902,806,498.00 "
14/05/2025,BOX Options (B)," 4,356,581.00 "," 366,481.00 "," 4,195,818,971.00 ", -   , -   , -   ," 4,356,581.00 "," 366,481.00 "," 4,195,818,971.00 "
14/05/2025,Cboe Options Exchange (C)," 4,978,322.00 "," 818,020.00 "," 2,280,464,406.00 "," 4,357,547.00 "," 926,524.00 "," 12,002,401,736.00 "," 9,335,869.00 "," 1,744,544.00 "," 14,282,866,142.00 "
14/05/2025,MIAX Emerald (D)," 2,464,921.00 "," 424,583.00 "," 821,733,640.00 ", -   , -   , -   ," 2,464,921.00 "," 424,583.00 "," 821,733,640.00 "
14/05/2025,Cboe EDGX Options Exchange (E)," 3,940,930.00 "," 582,834.00 "," 1,125,561,199.00 ", -   , -   , -   ," 3,940,930.00 "," 582,834.00 "," 1,125,561,199.00 "
14/05/2025,Nasdaq GEMX (H)," 2,124,227.00 "," 254,646.00 "," 527,761,738.00 "," 1,092.00 ", 648.00 ," 36,586,955.00 "," 2,125,319.00 "," 255,294.00 "," 564,348,693.00 "
14/05/2025,Nasdaq ISE (I)," 3,489,510.00 "," 529,539.00 "," 1,789,920,872.00 "," 24,660.00 "," 10,676.00 "," 381,737,341.00 "," 3,514,170.00 "," 540,215.00 "," 2,171,658,213.00 "
14/05/2025,Nasdaq MRX (J)," 1,618,637.00 "," 232,253.00 "," 512,259,294.00 ", -   , -   , -   ," 1,618,637.00 "," 232,253.00 "," 512,259,294.00 "
14/05/2025,MIAX Options Exchange (M)," 4,267,981.00 "," 723,697.00 "," 1,450,919,372.00 ", -   , -   , -   ," 4,267,981.00 "," 723,697.00 "," 1,450,919,372.00 "
14/05/2025,NYSE Arca Options (N)," 6,789,810.00 "," 913,118.00 "," 2,983,205,941.00 ", -   , -   , -   ," 6,789,810.00 "," 913,118.00 "," 2,983,205,941.00 "
14/05/2025,MIAX Pearl (P)," 856,835.00 "," 112,042.00 "," 196,992,014.00 ", -   , -   , -   ," 856,835.00 "," 112,042.00 "," 196,992,014.00 "
14/05/2025,NASDAQ Options Market (Q)," 2,719,267.00 "," 381,778.00 "," 977,552,257.00 ", -   , -   , -   ," 2,719,267.00 "," 381,778.00 "," 977,552,257.00 "
14/05/2025,MIAX Sapphire (S)," 1,808,245.00 "," 252,098.00 "," 626,174,531.00 ", -   , -   , -   ," 1,808,245.00 "," 252,098.00 "," 626,174,531.00 "
14/05/2025,Nasdaq BX Options (T)," 887,767.00 "," 105,380.00 "," 220,085,924.00 ", -   , -   , -   ," 887,767.00 "," 105,380.00 "," 220,085,924.00 "
14/05/2025,Members Exchange (U)," 1,996,038.00 "," 273,010.00 "," 551,027,442.00 ", -   , -   , -   ," 1,996,038.00 "," 273,010.00 "," 551,027,442.00 "
14/05/2025,Cboe C2 Options Exchange (W)," 1,640,573.00 "," 211,123.00 "," 504,628,855.00 "," 7,781.00 "," 2,350.00 "," 16,618,072.00 "," 1,648,354.00 "," 213,473.00 "," 521,246,927.00 "
14/05/2025,Nasdaq PHLX (X)," 5,908,522.00 "," 478,981.00 "," 4,933,691,272.00 "," 38,002.00 "," 14,448.00 "," 412,167,303.00 "," 5,946,524.00 "," 493,429.00 "," 5,345,858,575.00 "
14/05/2025,Cboe BZX Options Exchange (Z)," 2,311,521.00 "," 319,400.00 "," 860,621,824.50 "," 1,917.00 ", 654.00 ," 6,018,321.00 "," 2,313,438.00 "," 320,054.00 "," 866,640,145.50 "
13/05/2025,NYSE American Options (A)," 3,792,830.00 "," 314,807.00 "," 1,564,372,047.00 ", -   , -   , -   ," 3,792,830.00 "," 314,807.00 "," 1,564,372,047.00 "
13/05/2025,BOX Options (B)," 4,124,934.00 "," 401,777.00 "," 2,089,630,092.00 ", -   , -   , -   ," 4,124,934.00 "," 401,777.00 "," 2,089,630,092.00 "
13/05/2025,Cboe Options Exchange (C)," 6,157,958.00 "," 919,318.00 "," 3,330,859,464.00 "," 5,334,498.00 "," 982,314.00 "," 13,067,747,268.00 "," 11,492,456.00 "," 1,901,632.00 "," 16,398,606,732.00 "
13/05/2025,MIAX Emerald (D)," 2,428,234.00 "," 418,905.00 "," 874,103,899.00 ", -   , -   , -   ," 2,428,234.00 "," 418,905.00 "," 874,103,899.00 "
13/05/2025,Cboe EDGX Options Exchange (E)," 4,756,474.00 "," 651,303.00 "," 1,595,839,264.00 ", -   , -   , -   ," 4,756,474.00 "," 651,303.00 "," 1,595,839,264.00 "
13/05/2025,Nasdaq GEMX (H)," 2,378,286.00 "," 276,158.00 "," 649,712,361.00 ", 689.00 , 228.00 ," 8,540,446.00 "," 2,378,975.00 "," 276,386.00 "," 658,252,807.00 "
13/05/2025,Nasdaq ISE (I)," 4,206,205.00 "," 604,238.00 "," 2,029,190,552.50 "," 37,995.00 "," 13,611.00 "," 389,426,395.00 "," 4,244,200.00 "," 617,849.00 "," 2,418,616,947.50 "
13/05/2025,Nasdaq MRX (J)," 1,945,553.00 "," 262,169.00 "," 658,372,050.00 ", -   , -   , -   ," 1,945,553.00 "," 262,169.00 "," 658,372,050.00 "
13/05/2025,MIAX Options Exchange (M)," 5,057,889.00 "," 806,344.00 "," 1,875,099,033.00 ", -   , -   , -   ," 5,057,889.00 "," 806,344.00 "," 1,875,099,033.00 "
13/05/2025,NYSE Arca Options (N)," 7,668,517.00 "," 970,568.00 "," 3,601,912,357.00 ", -   , -   , -   ," 7,668,517.00 "," 970,568.00 "," 3,601,912,357.00 "
13/05/2025,MIAX Pearl (P)," 1,343,473.00 "," 190,135.00 "," 356,579,899.00 ", -   , -   , -   ," 1,343,473.00 "," 190,135.00 "," 356,579,899.00 "
13/05/2025,NASDAQ Options Market (Q)," 2,932,482.00 "," 410,893.00 "," 1,082,488,150.00 ", -   , -   , -   ," 2,932,482.00 "," 410,893.00 "," 1,082,488,150.00 "
13/05/2025,MIAX Sapphire (S)," 2,070,104.00 "," 281,850.00 "," 686,237,195.00 ", -   , -   , -   ," 2,070,104.00 "," 281,850.00 "," 686,237,195.00 "
13/05/2025,Nasdaq BX Options (T)," 1,006,763.00 "," 117,063.00 "," 258,153,812.00 ", -   , -   , -   ," 1,006,763.00 "," 117,063.00 "," 258,153,812.00 "
13/05/2025,Members Exchange (U)," 2,179,791.00 "," 295,890.00 "," 638,845,919.00 ", -   , -   , -   ," 2,179,791.00 "," 295,890.00 "," 638,845,919.00 "
13/05/2025,Cboe C2 Options Exchange (W)," 1,866,017.00 "," 243,152.00 "," 625,591,290.00 "," 14,987.00 "," 2,540.00 "," 25,429,983.00 "," 1,881,004.00 "," 245,692.00 "," 651,021,273.00 "
13/05/2025,Nasdaq PHLX (X)," 5,457,513.00 "," 505,019.00 "," 2,157,253,336.00 "," 48,096.00 "," 16,515.00 "," 402,025,027.00 "," 5,505,609.00 "," 521,534.00 "," 2,559,278,363.00 "
13/05/2025,Cboe BZX Options Exchange (Z)," 2,503,748.00 "," 348,539.00 "," 963,216,273.00 "," 1,484.00 ", 566.00 ," 5,578,242.00 "," 2,505,232.00 "," 349,105.00 "," 968,794,515.00 "
12/05/2025,NYSE American Options (A)," 2,790,271.00 "," 308,442.00 "," 934,835,032.00 ", -   , -   , -   ," 2,790,271.00 "," 308,442.00 "," 934,835,032.00 "
12/05/2025,BOX Options (B)," 4,198,077.00 "," 483,003.00 "," 1,810,699,844.00 ", -   , -   , -   ," 4,198,077.00 "," 483,003.00 "," 1,810,699,844.00 "
12/05/2025,Cboe Options Exchange (C)," 5,711,538.00 "," 896,492.00 "," 2,345,795,661.00 "," 5,868,734.00 "," 979,515.00 "," 14,040,007,503.00 "," 11,580,272.00 "," 1,876,007.00 "," 16,385,803,164.00 "
12/05/2025,MIAX Emerald (D)," 2,319,799.00 "," 397,892.00 "," 797,984,783.00 ", -   , -   , -   ," 2,319,799.00 "," 397,892.00 "," 797,984,783.00 "
12/05/2025,Cboe EDGX Options Exchange (E)," 3,992,437.00 "," 633,852.00 "," 1,170,380,301.00 ", -   , -   , -   ," 3,992,437.00 "," 633,852.00 "," 1,170,380,301.00 "
12/05/2025,Nasdaq GEMX (H)," 2,413,552.00 "," 269,189.00 "," 620,459,309.00 ", 481.00 , 269.00 ," 13,464,385.00 "," 2,414,033.00 "," 269,458.00 "," 633,923,694.00 "
12/05/2025,Nasdaq ISE (I)," 4,266,337.00 "," 619,648.00 "," 1,923,099,224.00 "," 26,985.00 "," 11,480.00 "," 265,197,981.00 "," 4,293,322.00 "," 631,128.00 "," 2,188,297,205.00 "
12/05/2025,Nasdaq MRX (J)," 1,793,971.00 "," 237,827.00 "," 546,397,858.00 ", -   , -   , -   ," 1,793,971.00 "," 237,827.00 "," 546,397,858.00 "
12/05/2025,MIAX Options Exchange (M)," 4,855,017.00 "," 754,575.00 "," 1,634,606,877.00 ", -   , -   , -   ," 4,855,017.00 "," 754,575.00 "," 1,634,606,877.00 "
12/05/2025,NYSE Arca Options (N)," 7,497,633.00 "," 925,031.00 "," 3,015,136,015.00 ", -   , -   , -   ," 7,497,633.00 "," 925,031.00 "," 3,015,136,015.00 "
12/05/2025,MIAX Pearl (P)," 1,213,047.00 "," 164,007.00 "," 321,403,544.00 ", -   , -   , -   ," 1,213,047.00 "," 164,007.00 "," 321,403,544.00 "
12/05/2025,NASDAQ Options Market (Q)," 2,834,230.00 "," 394,096.00 "," 997,398,641.00 ", -   , -   , -   ," 2,834,230.00 "," 394,096.00 "," 997,398,641.00 "
12/05/2025,MIAX Sapphire (S)," 2,018,111.00 "," 281,632.00 "," 644,132,257.00 ", -   , -   , -   ," 2,018,111.00 "," 281,632.00 "," 644,132,257.00 "
12/05/2025,Nasdaq BX Options (T)," 950,407.00 "," 107,321.00 "," 244,370,310.00 ", -   , -   , -   ," 950,407.00 "," 107,321.00 "," 244,370,310.00 "
12/05/2025,Members Exchange (U)," 2,054,571.00 "," 283,752.00 "," 569,803,225.00 ", -   , -   , -   ," 2,054,571.00 "," 283,752.00 "," 569,803,225.00 "
12/05/2025,Cboe C2 Options Exchange (W)," 1,900,221.00 "," 237,474.00 "," 540,883,969.00 "," 12,390.00 "," 3,612.00 "," 24,062,063.00 "," 1,912,611.00 "," 241,086.00 "," 564,946,032.00 "
12/05/2025,Nasdaq PHLX (X)," 5,508,466.00 "," 495,435.00 "," 2,182,227,992.00 "," 37,353.00 "," 14,069.00 "," 379,913,819.00 "," 5,545,819.00 "," 509,504.00 "," 2,562,141,811.00 "
12/05/2025,Cboe BZX Options Exchange (Z)," 2,391,313.00 "," 321,804.00 "," 857,086,081.10 "," 2,356.00 ", 732.00 ," 6,522,588.00 "," 2,393,669.00 "," 322,536.00 "," 863,608,669.10 "
09/05/2025,NYSE American Options (A)," 2,609,484.00 "," 254,920.00 "," 727,661,791.00 ", -   , -   , -   ," 2,609,484.00 "," 254,920.00 "," 727,661,791.00 "
09/05/2025,BOX Options (B)," 3,769,119.00 "," 423,426.00 "," 1,275,028,120.00 ", -   , -   , -   ," 3,769,119.00 "," 423,426.00 "," 1,275,028,120.00 "
09/05/2025,Cboe Options Exchange (C)," 5,037,527.00 "," 731,154.00 "," 1,702,859,274.00 "," 3,899,206.00 "," 935,420.00 "," 6,992,159,360.00 "," 8,936,733.00 "," 1,666,574.00 "," 8,695,018,634.00 "
09/05/2025,MIAX Emerald (D)," 1,782,472.00 "," 306,464.00 "," 461,213,587.00 ", -   , -   , -   ," 1,782,472.00 "," 306,464.00 "," 461,213,587.00 "
09/05/2025,Cboe EDGX Options Exchange (E)," 4,195,860.00 "," 593,766.00 "," 787,956,966.00 ", -   , -   , -   ," 4,195,860.00 "," 593,766.00 "," 787,956,966.00 "
09/05/2025,Nasdaq GEMX (H)," 2,132,222.00 "," 265,500.00 "," 426,555,379.50 ", 485.00 , 330.00 ," 5,910,205.00 "," 2,132,707.00 "," 265,830.00 "," 432,465,584.50 "
09/05/2025,Nasdaq ISE (I)," 3,731,177.00 "," 544,867.00 "," 1,298,213,930.50 "," 25,692.00 "," 10,383.00 "," 112,198,923.00 "," 3,756,869.00 "," 555,250.00 "," 1,410,412,853.50 "
09/05/2025,Nasdaq MRX (J)," 1,639,817.00 "," 219,272.00 "," 365,577,821.00 ", -   , -   , -   ," 1,639,817.00 "," 219,272.00 "," 365,577,821.00 "
09/05/2025,MIAX Options Exchange (M)," 4,064,526.00 "," 651,155.00 "," 1,017,003,268.00 ", -   , -   , -   ," 4,064,526.00 "," 651,155.00 "," 1,017,003,268.00 "
09/05/2025,NYSE Arca Options (N)," 6,400,733.00 "," 875,071.00 "," 2,066,234,124.00 ", -   , -   , -   ," 6,400,733.00 "," 875,071.00 "," 2,066,234,124.00 "
09/05/2025,MIAX Pearl (P)," 1,404,451.00 "," 203,457.00 "," 287,671,633.00 ", -   , -   , -   ," 1,404,451.00 "," 203,457.00 "," 287,671,633.00 "
09/05/2025,NASDAQ Options Market (Q)," 2,436,779.00 "," 351,836.00 "," 656,718,640.00 ", -   , -   , -   ," 2,436,779.00 "," 351,836.00 "," 656,718,640.00 "
09/05/2025,MIAX Sapphire (S)," 1,802,703.00 "," 249,867.00 "," 419,132,680.00 ", -   , -   , -   ," 1,802,703.00 "," 249,867.00 "," 419,132,680.00 "
09/05/2025,Nasdaq BX Options (T)," 914,169.00 "," 102,658.00 "," 183,452,708.00 ", -   , -   , -   ," 914,169.00 "," 102,658.00 "," 183,452,708.00 "
09/05/2025,Members Exchange (U)," 1,966,618.00 "," 265,518.00 "," 423,261,509.00 ", -   , -   , -   ," 1,966,618.00 "," 265,518.00 "," 423,261,509.00 "
09/05/2025,Cboe C2 Options Exchange (W)," 1,801,714.00 "," 219,698.00 "," 349,292,917.00 "," 15,316.00 "," 2,952.00 "," 19,624,990.00 "," 1,817,030.00 "," 222,650.00 "," 368,917,907.00 "
09/05/2025,Nasdaq PHLX (X)," 5,114,183.00 "," 436,703.00 "," 1,590,552,480.00 "," 32,889.00 "," 12,388.00 "," 175,789,631.00 "," 5,147,072.00 "," 449,091.00 "," 1,766,342,111.00 "
09/05/2025,Cboe BZX Options Exchange (Z)," 2,129,952.00 "," 286,882.00 "," 584,942,568.00 "," 1,888.00 ", 613.00 ," 4,462,824.00 "," 2,131,840.00 "," 287,495.00 "," 589,405,392.00 "
08/05/2025,NYSE American Options (A)," 2,604,389.00 "," 247,886.00 "," 932,904,949.00 ", -   , -   , -   ," 2,604,389.00 "," 247,886.00 "," 932,904,949.00 "
08/05/2025,BOX Options (B)," 4,169,179.00 "," 423,426.00 "," 1,845,673,175.50 ", -   , -   , -   ," 4,169,179.00 "," 423,426.00 "," 1,845,673,175.50 "
08/05/2025,Cboe Options Exchange (C)," 6,616,443.00 "," 859,702.00 "," 2,872,756,072.00 "," 4,722,366.00 "," 991,435.00 "," 10,148,906,551.00 "," 11,338,809.00 "," 1,851,137.00 "," 13,021,662,623.00 "
08/05/2025,MIAX Emerald (D)," 2,292,987.00 "," 401,474.00 "," 700,746,949.00 ", -   , -   , -   ," 2,292,987.00 "," 401,474.00 "," 700,746,949.00 "
08/05/2025,Cboe EDGX Options Exchange (E)," 3,924,425.00 "," 606,944.00 "," 842,794,698.50 ", -   , -   , -   ," 3,924,425.00 "," 606,944.00 "," 842,794,698.50 "
08/05/2025,Nasdaq GEMX (H)," 2,394,242.00 "," 294,675.00 "," 534,997,518.00 ", 322.00 , 145.00 ," 7,400,262.00 "," 2,394,564.00 "," 294,820.00 "," 542,397,780.00 "
08/05/2025,Nasdaq ISE (I)," 3,946,839.00 "," 574,984.00 "," 1,484,636,789.00 "," 26,823.00 "," 11,311.00 "," 178,418,539.00 "," 3,973,662.00 "," 586,295.00 "," 1,663,055,328.00 "
08/05/2025,Nasdaq MRX (J)," 1,743,834.00 "," 233,208.00 "," 407,196,505.00 ", -   , -   , -   ," 1,743,834.00 "," 233,208.00 "," 407,196,505.00 "
08/05/2025,MIAX Options Exchange (M)," 4,329,852.00 "," 716,590.00 "," 1,249,931,237.00 ", -   , -   , -   ," 4,329,852.00 "," 716,590.00 "," 1,249,931,237.00 "
08/05/2025,NYSE Arca Options (N)," 7,048,059.00 "," 917,499.00 "," 2,293,676,844.00 ", -   , -   , -   ," 7,048,059.00 "," 917,499.00 "," 2,293,676,844.00 "
08/05/2025,MIAX Pearl (P)," 1,225,122.00 "," 172,751.00 "," 270,969,211.00 ", -   , -   , -   ," 1,225,122.00 "," 172,751.00 "," 270,969,211.00 "
08/05/2025,NASDAQ Options Market (Q)," 2,529,013.00 "," 363,859.00 "," 714,142,049.00 ", -   , -   , -   ," 2,529,013.00 "," 363,859.00 "," 714,142,049.00 "
08/05/2025,MIAX Sapphire (S)," 1,872,010.00 "," 258,345.00 "," 523,781,398.00 ", -   , -   , -   ," 1,872,010.00 "," 258,345.00 "," 523,781,398.00 "
08/05/2025,Nasdaq BX Options (T)," 914,512.00 "," 103,487.00 "," 179,830,711.00 ", -   , -   , -   ," 914,512.00 "," 103,487.00 "," 179,830,711.00 "
08/05/2025,Members Exchange (U)," 2,084,339.00 "," 277,177.00 "," 479,893,716.00 ", -   , -   , -   ," 2,084,339.00 "," 277,177.00 "," 479,893,716.00 "
08/05/2025,Cboe C2 Options Exchange (W)," 1,690,044.00 "," 219,562.00 "," 421,169,019.00 "," 11,460.00 "," 3,069.00 "," 19,417,388.00 "," 1,701,504.00 "," 222,631.00 "," 440,586,407.00 "
08/05/2025,Nasdaq PHLX (X)," 5,551,899.00 "," 484,323.00 "," 2,532,039,343.00 "," 33,888.00 "," 14,124.00 "," 243,060,226.00 "," 5,585,787.00 "," 498,447.00 "," 2,775,099,569.00 "
08/05/2025,Cboe BZX Options Exchange (Z)," 2,247,216.00 "," 309,220.00 "," 687,468,021.00 "," 2,321.00 ", 748.00 ," 7,848,695.00 "," 2,249,537.00 "," 309,968.00 "," 695,316,716.00 "
07/05/2025,NYSE American Options (A)," 2,353,332.00 "," 219,807.00 "," 976,576,267.00 ", -   , -   , -   ," 2,353,332.00 "," 219,807.00 "," 976,576,267.00 "
07/05/2025,BOX Options (B)," 2,907,837.00 "," 336,705.00 "," 1,195,326,008.00 ", -   , -   , -   ," 2,907,837.00 "," 336,705.00 "," 1,195,326,008.00 "
07/05/2025,Cboe Options Exchange (C)," 4,113,595.00 "," 657,437.00 "," 1,284,289,821.00 "," 3,417,498.00 "," 804,335.00 "," 8,672,122,962.00 "," 7,531,093.00 "," 1,461,772.00 "," 9,956,412,783.00 "
07/05/2025,MIAX Emerald (D)," 1,646,965.00 "," 291,299.00 "," 472,953,667.00 ", -   , -   , -   ," 1,646,965.00 "," 291,299.00 "," 472,953,667.00 "
07/05/2025,Cboe EDGX Options Exchange (E)," 2,795,254.00 "," 503,333.00 "," 590,641,332.00 ", -   , -   , -   ," 2,795,254.00 "," 503,333.00 "," 590,641,332.00 "
07/05/2025,Nasdaq GEMX (H)," 1,935,293.00 "," 257,816.00 "," 452,115,647.00 ", 326.00 , 268.00 ," 12,037,150.00 "," 1,935,619.00 "," 258,084.00 "," 464,152,797.00 "
07/05/2025,Nasdaq ISE (I)," 2,884,286.00 "," 445,843.00 "," 876,027,553.00 "," 26,269.00 "," 10,213.00 "," 117,920,183.00 "," 2,910,555.00 "," 456,056.00 "," 993,947,736.00 "
07/05/2025,Nasdaq MRX (J)," 1,287,221.00 "," 183,466.00 "," 306,963,623.00 ", -   , -   , -   ," 1,287,221.00 "," 183,466.00 "," 306,963,623.00 "
07/05/2025,MIAX Options Exchange (M)," 3,232,105.00 "," 563,730.00 "," 863,229,753.00 ", -   , -   , -   ," 3,232,105.00 "," 563,730.00 "," 863,229,753.00 "
07/05/2025,NYSE Arca Options (N)," 5,569,220.00 "," 789,619.00 "," 1,824,686,031.00 ", -   , -   , -   ," 5,569,220.00 "," 789,619.00 "," 1,824,686,031.00 "
07/05/2025,MIAX Pearl (P)," 1,192,768.00 "," 179,251.00 "," 273,191,249.00 ", -   , -   , -   ," 1,192,768.00 "," 179,251.00 "," 273,191,249.00 "
07/05/2025,NASDAQ Options Market (Q)," 2,049,747.00 "," 298,480.00 "," 599,278,208.00 ", -   , -   , -   ," 2,049,747.00 "," 298,480.00 "," 599,278,208.00 "
07/05/2025,MIAX Sapphire (S)," 1,389,464.00 "," 203,675.00 "," 332,977,392.00 ", -   , -   , -   ," 1,389,464.00 "," 203,675.00 "," 332,977,392.00 "
07/05/2025,Nasdaq BX Options (T)," 714,316.00 "," 89,219.00 "," 121,810,875.00 ", -   , -   , -   ," 714,316.00 "," 89,219.00 "," 121,810,875.00 "
07/05/2025,Members Exchange (U)," 1,660,398.00 "," 225,788.00 "," 389,451,027.00 ", -   , -   , -   ," 1,660,398.00 "," 225,788.00 "," 389,451,027.00 "
07/05/2025,Cboe C2 Options Exchange (W)," 1,255,041.00 "," 170,949.00 "," 314,122,604.00 "," 7,916.00 "," 2,451.00 "," 14,966,421.00 "," 1,262,957.00 "," 173,400.00 "," 329,089,025.00 "
07/05/2025,Nasdaq PHLX (X)," 3,977,659.00 "," 380,608.00 "," 1,157,439,412.70 "," 27,467.00 "," 11,649.00 "," 156,318,711.00 "," 4,005,126.00 "," 392,257.00 "," 1,313,758,123.70 "
07/05/2025,Cboe BZX Options Exchange (Z)," 1,791,209.00 "," 254,029.00 "," 508,912,738.00 "," 1,581.00 ", 613.00 ," 3,377,045.00 "," 1,792,790.00 "," 254,642.00 "," 512,289,783.00 "
06/05/2025,NYSE American Options (A)," 2,229,223.00 "," 214,957.00 "," 878,499,222.00 ", -   , -   , -   ," 2,229,223.00 "," 214,957.00 "," 878,499,222.00 "
06/05/2025,BOX Options (B)," 2,852,877.00 "," 317,722.00 "," 814,996,068.00 ", -   , -   , -   ," 2,852,877.00 "," 317,722.00 "," 814,996,068.00 "
06/05/2025,Cboe Options Exchange (C)," 3,930,188.00 "," 599,446.00 "," 1,411,856,469.00 "," 3,730,686.00 "," 972,922.00 "," 10,022,616,821.00 "," 7,660,874.00 "," 1,572,368.00 "," 11,434,473,290.00 "
06/05/2025,MIAX Emerald (D)," 1,490,473.00 "," 270,638.00 "," 454,756,519.00 ", -   , -   , -   ," 1,490,473.00 "," 270,638.00 "," 454,756,519.00 "
06/05/2025,Cboe EDGX Options Exchange (E)," 2,973,956.00 "," 493,769.00 "," 684,457,200.00 ", -   , -   , -   ," 2,973,956.00 "," 493,769.00 "," 684,457,200.00 "
06/05/2025,Nasdaq GEMX (H)," 1,990,306.00 "," 230,324.00 "," 410,951,329.00 ", 312.00 , 201.00 ," 13,600,920.00 "," 1,990,618.00 "," 230,525.00 "," 424,552,249.00 "
06/05/2025,Nasdaq ISE (I)," 2,619,369.00 "," 414,578.00 "," 858,514,757.00 "," 26,270.00 "," 11,394.00 "," 149,997,611.00 "," 2,645,639.00 "," 425,972.00 "," 1,008,512,368.00 "
06/05/2025,Nasdaq MRX (J)," 1,274,739.00 "," 189,209.00 "," 310,405,829.00 ", -   , -   , -   ," 1,274,739.00 "," 189,209.00 "," 310,405,829.00 "
06/05/2025,MIAX Options Exchange (M)," 3,348,564.00 "," 524,559.00 "," 884,592,345.00 ", -   , -   , -   ," 3,348,564.00 "," 524,559.00 "," 884,592,345.00 "
06/05/2025,NYSE Arca Options (N)," 5,037,231.00 "," 717,652.00 "," 1,851,985,989.00 ", -   , -   , -   ," 5,037,231.00 "," 717,652.00 "," 1,851,985,989.00 "
06/05/2025,MIAX Pearl (P)," 1,049,709.00 "," 158,869.00 "," 248,376,959.00 ", -   , -   , -   ," 1,049,709.00 "," 158,869.00 "," 248,376,959.00 "
06/05/2025,NASDAQ Options Market (Q)," 1,923,082.00 "," 284,504.00 "," 556,522,170.00 ", -   , -   , -   ," 1,923,082.00 "," 284,504.00 "," 556,522,170.00 "
06/05/2025,MIAX Sapphire (S)," 1,325,751.00 "," 202,263.00 "," 308,360,722.00 ", -   , -   , -   ," 1,325,751.00 "," 202,263.00 "," 308,360,722.00 "
06/05/2025,Nasdaq BX Options (T)," 679,443.00 "," 83,227.00 "," 124,451,216.00 ", -   , -   , -   ," 679,443.00 "," 83,227.00 "," 124,451,216.00 "
06/05/2025,Members Exchange (U)," 1,502,146.00 "," 204,803.00 "," 346,976,549.00 ", -   , -   , -   ," 1,502,146.00 "," 204,803.00 "," 346,976,549.00 "
06/05/2025,Cboe C2 Options Exchange (W)," 1,242,186.00 "," 160,219.00 "," 319,633,477.00 "," 8,705.00 "," 2,745.00 "," 22,119,229.00 "," 1,250,891.00 "," 162,964.00 "," 341,752,706.00 "
06/05/2025,Nasdaq PHLX (X)," 3,841,608.00 "," 351,891.00 "," 1,101,874,998.00 "," 31,625.00 "," 12,798.00 "," 219,879,229.00 "," 3,873,233.00 "," 364,689.00 "," 1,321,754,227.00 "
06/05/2025,Cboe BZX Options Exchange (Z)," 1,590,663.00 "," 227,146.00 "," 475,908,365.50 "," 2,318.00 ", 696.00 ," 8,579,855.00 "," 1,592,981.00 "," 227,842.00 "," 484,488,220.50 "
05/05/2025,NYSE American Options (A)," 2,188,513.00 "," 205,516.00 "," 1,231,400,435.00 ", -   , -   , -   ," 2,188,513.00 "," 205,516.00 "," 1,231,400,435.00 "
05/05/2025,BOX Options (B)," 2,487,653.00 "," 318,882.00 "," 823,553,410.00 ", -   , -   , -   ," 2,487,653.00 "," 318,882.00 "," 823,553,410.00 "
05/05/2025,Cboe Options Exchange (C)," 3,846,230.00 "," 602,850.00 "," 1,436,461,114.00 "," 3,486,316.00 "," 824,092.00 "," 9,294,096,226.00 "," 7,332,546.00 "," 1,426,942.00 "," 10,730,557,340.00 "
05/05/2025,MIAX Emerald (D)," 1,368,175.00 "," 254,397.00 "," 456,111,971.00 ", -   , -   , -   ," 1,368,175.00 "," 254,397.00 "," 456,111,971.00 "
05/05/2025,Cboe EDGX Options Exchange (E)," 2,776,168.00 "," 506,294.00 "," 695,617,923.00 ", -   , -   , -   ," 2,776,168.00 "," 506,294.00 "," 695,617,923.00 "
05/05/2025,Nasdaq GEMX (H)," 1,719,881.00 "," 222,042.00 "," 377,510,539.00 ", 226.00 , 131.00 ," 8,604,340.00 "," 1,720,107.00 "," 222,173.00 "," 386,114,879.00 "
05/05/2025,Nasdaq ISE (I)," 2,550,027.00 "," 411,403.00 "," 940,948,192.00 "," 22,028.00 "," 11,017.00 "," 161,731,390.00 "," 2,572,055.00 "," 422,420.00 "," 1,102,679,582.00 "
05/05/2025,Nasdaq MRX (J)," 1,187,565.00 "," 185,955.00 "," 303,568,709.00 ", -   , -   , -   ," 1,187,565.00 "," 185,955.00 "," 303,568,709.00 "
05/05/2025,MIAX Options Exchange (M)," 3,324,115.00 "," 515,017.00 "," 914,805,374.00 ", -   , -   , -   ," 3,324,115.00 "," 515,017.00 "," 914,805,374.00 "
05/05/2025,NYSE Arca Options (N)," 4,778,486.00 "," 715,437.00 "," 1,984,733,584.00 ", -   , -   , -   ," 4,778,486.00 "," 715,437.00 "," 1,984,733,584.00 "
05/05/2025,MIAX Pearl (P)," 948,081.00 "," 150,147.00 "," 239,184,415.00 ", -   , -   , -   ," 948,081.00 "," 150,147.00 "," 239,184,415.00 "
05/05/2025,NASDAQ Options Market (Q)," 1,736,321.00 "," 267,662.00 "," 530,356,194.00 ", -   , -   , -   ," 1,736,321.00 "," 267,662.00 "," 530,356,194.00 "
05/05/2025,MIAX Sapphire (S)," 1,296,960.00 "," 199,548.00 "," 309,794,654.00 ", -   , -   , -   ," 1,296,960.00 "," 199,548.00 "," 309,794,654.00 "
05/05/2025,Nasdaq BX Options (T)," 645,500.00 "," 80,817.00 "," 124,553,470.00 ", -   , -   , -   ," 645,500.00 "," 80,817.00 "," 124,553,470.00 "
05/05/2025,Members Exchange (U)," 1,357,808.00 "," 189,124.00 "," 329,777,020.00 ", -   , -   , -   ," 1,357,808.00 "," 189,124.00 "," 329,777,020.00 "
05/05/2025,Cboe C2 Options Exchange (W)," 1,226,410.00 "," 160,057.00 "," 283,475,075.00 "," 9,212.00 "," 2,472.00 "," 17,090,345.00 "," 1,235,622.00 "," 162,529.00 "," 300,565,420.00 "
05/05/2025,Nasdaq PHLX (X)," 3,365,218.00 "," 353,122.00 "," 1,150,583,388.00 "," 29,806.00 "," 12,261.00 "," 206,320,351.00 "," 3,395,024.00 "," 365,383.00 "," 1,356,903,739.00 "
05/05/2025,Cboe BZX Options Exchange (Z)," 1,551,317.00 "," 215,934.00 "," 511,993,992.00 "," 1,528.00 ", 412.00 ," 5,643,249.00 "," 1,552,845.00 "," 216,346.00 "," 517,637,241.00 "
02/05/2025,NYSE American Options (A)," 2,695,463.00 "," 230,547.00 "," 851,631,966.00 ", -   , -   , -   ," 2,695,463.00 "," 230,547.00 "," 851,631,966.00 "
02/05/2025,BOX Options (B)," 3,651,563.00 "," 442,759.00 "," 1,184,354,072.00 ", -   , -   , -   ," 3,651,563.00 "," 442,759.00 "," 1,184,354,072.00 "
02/05/2025,Cboe Options Exchange (C)," 5,274,190.00 "," 857,986.00 "," 1,950,678,111.00 "," 4,346,293.00 "," 992,279.00 "," 11,720,790,471.00 "," 9,620,483.00 "," 1,850,265.00 "," 13,671,468,582.00 "
02/05/2025,MIAX Emerald (D)," 2,378,483.00 "," 407,809.00 "," 776,968,637.00 ", -   , -   , -   ," 2,378,483.00 "," 407,809.00 "," 776,968,637.00 "
02/05/2025,Cboe EDGX Options Exchange (E)," 5,546,833.00 "," 761,276.00 "," 1,174,670,905.00 ", -   , -   , -   ," 5,546,833.00 "," 761,276.00 "," 1,174,670,905.00 "
02/05/2025,Nasdaq GEMX (H)," 2,539,672.00 "," 308,903.00 "," 546,771,459.00 ", 495.00 , 161.00 ," 10,806,915.00 "," 2,540,167.00 "," 309,064.00 "," 557,578,374.00 "
02/05/2025,Nasdaq ISE (I)," 4,123,679.00 "," 630,114.00 "," 1,544,252,032.00 "," 24,115.00 "," 11,349.00 "," 457,278,065.00 "," 4,147,794.00 "," 641,463.00 "," 2,001,530,097.00 "
02/05/2025,Nasdaq MRX (J)," 1,823,683.00 "," 245,623.00 "," 485,476,715.00 ", -   , -   , -   ," 1,823,683.00 "," 245,623.00 "," 485,476,715.00 "
02/05/2025,MIAX Options Exchange (M)," 4,480,218.00 "," 729,059.00 "," 1,287,260,159.00 ", -   , -   , -   ," 4,480,218.00 "," 729,059.00 "," 1,287,260,159.00 "
02/05/2025,NYSE Arca Options (N)," 7,487,875.00 "," 1,030,258.00 "," 2,413,216,556.00 ", -   , -   , -   ," 7,487,875.00 "," 1,030,258.00 "," 2,413,216,556.00 "
02/05/2025,MIAX Pearl (P)," 1,275,087.00 "," 174,894.00 "," 263,950,796.00 ", -   , -   , -   ," 1,275,087.00 "," 174,894.00 "," 263,950,796.00 "
02/05/2025,NASDAQ Options Market (Q)," 2,695,694.00 "," 393,856.00 "," 762,635,151.00 ", -   , -   , -   ," 2,695,694.00 "," 393,856.00 "," 762,635,151.00 "
02/05/2025,MIAX Sapphire (S)," 2,000,032.00 "," 287,115.00 "," 503,688,214.00 ", -   , -   , -   ," 2,000,032.00 "," 287,115.00 "," 503,688,214.00 "
02/05/2025,Nasdaq BX Options (T)," 986,245.00 "," 116,330.00 "," 189,502,979.00 ", -   , -   , -   ," 986,245.00 "," 116,330.00 "," 189,502,979.00 "
02/05/2025,Members Exchange (U)," 2,058,008.00 "," 269,101.00 "," 462,522,956.00 ", -   , -   , -   ," 2,058,008.00 "," 269,101.00 "," 462,522,956.00 "
02/05/2025,Cboe C2 Options Exchange (W)," 1,830,025.00 "," 226,888.00 "," 424,851,372.00 "," 14,594.00 "," 3,498.00 "," 39,396,309.00 "," 1,844,619.00 "," 230,386.00 "," 464,247,681.00 "
02/05/2025,Nasdaq PHLX (X)," 5,451,453.00 "," 485,638.00 "," 1,810,290,233.00 "," 29,716.00 "," 13,451.00 "," 378,560,790.00 "," 5,481,169.00 "," 499,089.00 "," 2,188,851,023.00 "
02/05/2025,Cboe BZX Options Exchange (Z)," 2,376,159.00 "," 317,047.00 "," 685,636,848.00 "," 1,637.00 ", 685.00 ," 4,720,141.00 "," 2,377,796.00 "," 317,732.00 "," 690,356,989.00 "
01/05/2025,NYSE American Options (A)," 3,001,855.00 "," 252,825.00 "," 947,788,480.00 ", -   , -   , -   ," 3,001,855.00 "," 252,825.00 "," 947,788,480.00 "
01/05/2025,BOX Options (B)," 3,671,063.00 "," 370,904.00 "," 2,760,017,453.10 ", -   , -   , -   ," 3,671,063.00 "," 370,904.00 "," 2,760,017,453.10 "
01/05/2025,Cboe Options Exchange (C)," 4,850,729.00 "," 800,283.00 "," 2,077,832,253.00 "," 4,031,757.00 "," 957,375.00 "," 12,085,518,290.00 "," 8,882,486.00 "," 1,757,658.00 "," 14,163,350,543.00 "
01/05/2025,MIAX Emerald (D)," 2,005,388.00 "," 352,911.00 "," 774,737,651.00 ", -   , -   , -   ," 2,005,388.00 "," 352,911.00 "," 774,737,651.00 "
01/05/2025,Cboe EDGX Options Exchange (E)," 3,507,605.00 "," 620,194.00 "," 1,028,285,932.00 ", -   , -   , -   ," 3,507,605.00 "," 620,194.00 "," 1,028,285,932.00 "
01/05/2025,Nasdaq GEMX (H)," 2,202,381.00 "," 288,033.00 "," 586,802,774.00 ", 457.00 , 174.00 ," 7,155,670.00 "," 2,202,838.00 "," 288,207.00 "," 593,958,444.00 "
01/05/2025,Nasdaq ISE (I)," 3,381,349.00 "," 530,510.00 "," 1,543,586,951.00 "," 27,670.00 "," 11,899.00 "," 162,069,458.00 "," 3,409,019.00 "," 542,409.00 "," 1,705,656,409.00 "
01/05/2025,Nasdaq MRX (J)," 1,525,076.00 "," 222,861.00 "," 461,745,839.00 ", -   , -   , -   ," 1,525,076.00 "," 222,861.00 "," 461,745,839.00 "
01/05/2025,MIAX Options Exchange (M)," 3,791,310.00 "," 641,001.00 "," 1,329,194,269.00 ", -   , -   , -   ," 3,791,310.00 "," 641,001.00 "," 1,329,194,269.00 "
01/05/2025,NYSE Arca Options (N)," 6,374,197.00 "," 937,182.00 "," 2,516,530,556.00 ", -   , -   , -   ," 6,374,197.00 "," 937,182.00 "," 2,516,530,556.00 "
01/05/2025,MIAX Pearl (P)," 1,142,585.00 "," 162,729.00 "," 306,074,510.00 ", -   , -   , -   ," 1,142,585.00 "," 162,729.00 "," 306,074,510.00 "
01/05/2025,NASDAQ Options Market (Q)," 2,331,806.00 "," 344,294.00 "," 797,668,835.00 ", -   , -   , -   ," 2,331,806.00 "," 344,294.00 "," 797,668,835.00 "
01/05/2025,MIAX Sapphire (S)," 1,618,444.00 "," 242,504.00 "," 504,122,715.00 ", -   , -   , -   ," 1,618,444.00 "," 242,504.00 "," 504,122,715.00 "
01/05/2025,Nasdaq BX Options (T)," 823,519.00 "," 99,003.00 "," 169,456,503.00 ", -   , -   , -   ," 823,519.00 "," 99,003.00 "," 169,456,503.00 "
01/05/2025,Members Exchange (U)," 1,764,150.00 "," 237,937.00 "," 481,010,815.00 ", -   , -   , -   ," 1,764,150.00 "," 237,937.00 "," 481,010,815.00 "
01/05/2025,Cboe C2 Options Exchange (W)," 1,569,773.00 "," 200,549.00 "," 431,481,632.00 "," 11,027.00 "," 2,561.00 "," 19,253,948.00 "," 1,580,800.00 "," 203,110.00 "," 450,735,580.00 "
01/05/2025,Nasdaq PHLX (X)," 4,580,883.00 "," 435,112.00 "," 2,468,262,621.70 "," 32,991.00 "," 13,732.00 "," 257,311,528.00 "," 4,613,874.00 "," 448,844.00 "," 2,725,574,149.70 "
01/05/2025,Cboe BZX Options Exchange (Z)," 1,931,242.00 "," 269,987.00 "," 658,393,929.00 "," 1,455.00 ", 572.00 ," 5,113,969.00 "," 1,932,697.00 "," 270,559.00 "," 663,507,898.00 "
30/04/2025,NYSE American Options (A)," 2,168,615.00 "," 241,159.00 "," 528,780,692.00 ", -   , -   , -   ," 2,168,615.00 "," 241,159.00 "," 528,780,692.00 "
30/04/2025,BOX Options (B)," 3,375,123.00 "," 384,686.00 "," 963,352,363.00 ", -   , -   , -   ," 3,375,123.00 "," 384,686.00 "," 963,352,363.00 "
30/04/2025,Cboe Options Exchange (C)," 4,188,442.00 "," 692,590.00 "," 1,549,670,803.00 "," 4,338,660.00 "," 1,025,220.00 "," 12,746,728,695.00 "," 8,527,102.00 "," 1,717,810.00 "," 14,296,399,498.00 "
30/04/2025,MIAX Emerald (D)," 1,882,465.00 "," 303,146.00 "," 618,362,526.00 ", -   , -   , -   ," 1,882,465.00 "," 303,146.00 "," 618,362,526.00 "
30/04/2025,Cboe EDGX Options Exchange (E)," 3,037,163.00 "," 529,520.00 "," 718,338,733.00 ", -   , -   , -   ," 3,037,163.00 "," 529,520.00 "," 718,338,733.00 "
30/04/2025,Nasdaq GEMX (H)," 2,581,188.00 "," 367,769.00 "," 663,694,805.00 ", 281.00 , 177.00 ," 8,435,483.00 "," 2,581,469.00 "," 367,946.00 "," 672,130,288.00 "
30/04/2025,Nasdaq ISE (I)," 2,888,787.00 "," 446,310.00 "," 1,061,069,812.00 "," 25,527.00 "," 11,991.00 "," 199,771,316.00 "," 2,914,314.00 "," 458,301.00 "," 1,260,841,128.00 "
30/04/2025,Nasdaq MRX (J)," 1,456,346.00 "," 204,547.00 "," 375,077,419.00 ", -   , -   , -   ," 1,456,346.00 "," 204,547.00 "," 375,077,419.00 "
30/04/2025,MIAX Options Exchange (M)," 3,485,044.00 "," 526,306.00 "," 1,058,195,080.00 ", -   , -   , -   ," 3,485,044.00 "," 526,306.00 "," 1,058,195,080.00 "
30/04/2025,NYSE Arca Options (N)," 5,264,594.00 "," 667,389.00 "," 2,020,221,262.00 ", -   , -   , -   ," 5,264,594.00 "," 667,389.00 "," 2,020,221,262.00 "
30/04/2025,MIAX Pearl (P)," 994,083.00 "," 132,951.00 "," 241,221,368.00 ", -   , -   , -   ," 994,083.00 "," 132,951.00 "," 241,221,368.00 "
30/04/2025,NASDAQ Options Market (Q)," 2,129,456.00 "," 307,014.00 "," 708,586,858.00 ", -   , -   , -   ," 2,129,456.00 "," 307,014.00 "," 708,586,858.00 "
30/04/2025,MIAX Sapphire (S)," 1,512,350.00 "," 216,521.00 "," 433,015,087.00 ", -   , -   , -   ," 1,512,350.00 "," 216,521.00 "," 433,015,087.00 "
30/04/2025,Nasdaq BX Options (T)," 745,420.00 "," 83,608.00 "," 149,932,767.00 ", -   , -   , -   ," 745,420.00 "," 83,608.00 "," 149,932,767.00 "
30/04/2025,Members Exchange (U)," 1,617,582.00 "," 206,580.00 "," 393,004,969.00 ", -   , -   , -   ," 1,617,582.00 "," 206,580.00 "," 393,004,969.00 "
30/04/2025,Cboe C2 Options Exchange (W)," 1,497,481.00 "," 168,697.00 "," 359,394,787.00 "," 10,004.00 "," 2,566.00 "," 25,564,236.00 "," 1,507,485.00 "," 171,263.00 "," 384,959,023.00 "
30/04/2025,Nasdaq PHLX (X)," 4,632,066.00 "," 382,657.00 "," 1,746,529,684.00 "," 28,569.00 "," 14,562.00 "," 232,732,710.00 "," 4,660,635.00 "," 397,219.00 "," 1,979,262,394.00 "
30/04/2025,Cboe BZX Options Exchange (Z)," 1,706,247.00 "," 227,171.00 "," 542,592,652.00 "," 2,296.00 ", 494.00 ," 12,285,246.00 "," 1,708,543.00 "," 227,665.00 "," 554,877,898.00 "
29/04/2025,NYSE American Options (A)," 1,867,451.00 "," 205,397.00 "," 528,875,318.00 ", -   , -   , -   ," 1,867,451.00 "," 205,397.00 "," 528,875,318.00 "
29/04/2025,BOX Options (B)," 2,842,599.00 "," 358,607.00 "," 962,844,376.00 ", -   , -   , -   ," 2,842,599.00 "," 358,607.00 "," 962,844,376.00 "
29/04/2025,Cboe Options Exchange (C)," 3,730,405.00 "," 602,745.00 "," 1,442,606,794.00 "," 4,276,783.00 "," 965,623.00 "," 12,542,476,948.00 "," 8,007,188.00 "," 1,568,368.00 "," 13,985,083,742.00 "
29/04/2025,MIAX Emerald (D)," 1,594,001.00 "," 262,733.00 "," 495,804,198.00 ", -   , -   , -   ," 1,594,001.00 "," 262,733.00 "," 495,804,198.00 "
29/04/2025,Cboe EDGX Options Exchange (E)," 2,753,308.00 "," 499,134.00 "," 656,013,810.00 ", -   , -   , -   ," 2,753,308.00 "," 499,134.00 "," 656,013,810.00 "
29/04/2025,Nasdaq GEMX (H)," 2,257,316.00 "," 302,962.00 "," 517,520,658.00 ", 235.00 , 128.00 ," 12,628,250.00 "," 2,257,551.00 "," 303,090.00 "," 530,148,908.00 "
29/04/2025,Nasdaq ISE (I)," 2,527,573.00 "," 389,331.00 "," 955,763,944.50 "," 22,201.00 "," 10,988.00 "," 234,704,349.00 "," 2,549,774.00 "," 400,319.00 "," 1,190,468,293.50 "
29/04/2025,Nasdaq MRX (J)," 1,333,936.00 "," 183,796.00 "," 335,239,908.00 ", -   , -   , -   ," 1,333,936.00 "," 183,796.00 "," 335,239,908.00 "
29/04/2025,MIAX Options Exchange (M)," 3,066,575.00 "," 467,888.00 "," 887,431,272.00 ", -   , -   , -   ," 3,066,575.00 "," 467,888.00 "," 887,431,272.00 "
29/04/2025,NYSE Arca Options (N)," 4,533,290.00 "," 590,983.00 "," 1,886,919,372.00 ", -   , -   , -   ," 4,533,290.00 "," 590,983.00 "," 1,886,919,372.00 "
29/04/2025,MIAX Pearl (P)," 921,751.00 "," 118,916.00 "," 205,226,859.00 ", -   , -   , -   ," 921,751.00 "," 118,916.00 "," 205,226,859.00 "
29/04/2025,NASDAQ Options Market (Q)," 1,758,670.00 "," 257,411.00 "," 572,766,767.00 ", -   , -   , -   ," 1,758,670.00 "," 257,411.00 "," 572,766,767.00 "
29/04/2025,MIAX Sapphire (S)," 1,338,839.00 "," 197,327.00 "," 338,800,713.00 ", -   , -   , -   ," 1,338,839.00 "," 197,327.00 "," 338,800,713.00 "
29/04/2025,Nasdaq BX Options (T)," 687,420.00 "," 76,923.00 "," 116,287,351.00 ", -   , -   , -   ," 687,420.00 "," 76,923.00 "," 116,287,351.00 "
29/04/2025,Members Exchange (U)," 1,403,838.00 "," 179,205.00 "," 333,023,279.00 ", -   , -   , -   ," 1,403,838.00 "," 179,205.00 "," 333,023,279.00 "
29/04/2025,Cboe C2 Options Exchange (W)," 1,187,316.00 "," 150,554.00 "," 303,672,873.00 "," 8,247.00 "," 2,693.00 "," 19,441,497.00 "," 1,195,563.00 "," 153,247.00 "," 323,114,370.00 "
29/04/2025,Nasdaq PHLX (X)," 3,709,641.00 "," 343,791.00 "," 1,201,384,978.00 "," 26,242.00 "," 13,983.00 "," 255,331,392.00 "," 3,735,883.00 "," 357,774.00 "," 1,456,716,370.00 "
29/04/2025,Cboe BZX Options Exchange (Z)," 1,500,576.00 "," 196,925.00 "," 470,214,670.00 "," 1,529.00 ", 406.00 ," 8,518,203.00 "," 1,502,105.00 "," 197,331.00 "," 478,732,873.00 "
28/04/2025,NYSE American Options (A)," 2,684,639.00 "," 227,465.00 "," 1,280,888,690.00 ", -   , -   , -   ," 2,684,639.00 "," 227,465.00 "," 1,280,888,690.00 "
28/04/2025,BOX Options (B)," 3,039,845.00 "," 401,127.00 "," 811,625,606.00 ", -   , -   , -   ," 3,039,845.00 "," 401,127.00 "," 811,625,606.00 "
28/04/2025,Cboe Options Exchange (C)," 3,715,617.00 "," 657,174.00 "," 1,397,828,131.00 "," 3,792,095.00 "," 967,353.00 "," 9,914,792,628.00 "," 7,507,712.00 "," 1,624,527.00 "," 11,312,620,759.00 "
28/04/2025,MIAX Emerald (D)," 1,598,489.00 "," 265,207.00 "," 522,313,750.00 ", -   , -   , -   ," 1,598,489.00 "," 265,207.00 "," 522,313,750.00 "
28/04/2025,Cboe EDGX Options Exchange (E)," 2,840,024.00 "," 514,395.00 "," 684,636,394.00 ", -   , -   , -   ," 2,840,024.00 "," 514,395.00 "," 684,636,394.00 "
28/04/2025,Nasdaq GEMX (H)," 2,387,072.00 "," 331,566.00 "," 569,907,623.00 ", 356.00 , 180.00 ," 17,683,610.00 "," 2,387,428.00 "," 331,746.00 "," 587,591,233.00 "
28/04/2025,Nasdaq ISE (I)," 2,757,500.00 "," 442,040.00 "," 1,146,113,745.00 "," 30,185.00 "," 11,261.00 "," 134,330,803.00 "," 2,787,685.00 "," 453,301.00 "," 1,280,444,548.00 "
28/04/2025,Nasdaq MRX (J)," 1,505,245.00 "," 208,917.00 "," 391,994,735.00 ", -   , -   , -   ," 1,505,245.00 "," 208,917.00 "," 391,994,735.00 "
28/04/2025,MIAX Options Exchange (M)," 3,151,791.00 "," 514,200.00 "," 914,485,357.00 ", -   , -   , -   ," 3,151,791.00 "," 514,200.00 "," 914,485,357.00 "
28/04/2025,NYSE Arca Options (N)," 4,545,275.00 "," 665,496.00 "," 1,908,434,474.00 ", -   , -   , -   ," 4,545,275.00 "," 665,496.00 "," 1,908,434,474.00 "
28/04/2025,MIAX Pearl (P)," 1,116,219.00 "," 160,724.00 "," 287,056,343.00 ", -   , -   , -   ," 1,116,219.00 "," 160,724.00 "," 287,056,343.00 "
28/04/2025,NASDAQ Options Market (Q)," 1,942,206.00 "," 287,889.00 "," 648,482,123.00 ", -   , -   , -   ," 1,942,206.00 "," 287,889.00 "," 648,482,123.00 "
28/04/2025,MIAX Sapphire (S)," 1,539,807.00 "," 215,924.00 "," 414,971,550.00 ", -   , -   , -   ," 1,539,807.00 "," 215,924.00 "," 414,971,550.00 "
28/04/2025,Nasdaq BX Options (T)," 744,055.00 "," 81,529.00 "," 171,596,796.00 ", -   , -   , -   ," 744,055.00 "," 81,529.00 "," 171,596,796.00 "
28/04/2025,Members Exchange (U)," 1,472,087.00 "," 200,946.00 "," 374,307,425.00 ", -   , -   , -   ," 1,472,087.00 "," 200,946.00 "," 374,307,425.00 "
28/04/2025,Cboe C2 Options Exchange (W)," 1,302,062.00 "," 166,777.00 "," 315,557,180.00 "," 9,083.00 "," 2,756.00 "," 20,286,259.00 "," 1,311,145.00 "," 169,533.00 "," 335,843,439.00 "
28/04/2025,Nasdaq PHLX (X)," 3,989,699.00 "," 416,398.00 "," 1,489,105,173.00 "," 32,151.00 "," 13,989.00 "," 227,914,293.00 "," 4,021,850.00 "," 430,387.00 "," 1,717,019,466.00 "
28/04/2025,Cboe BZX Options Exchange (Z)," 1,579,488.00 "," 218,921.00 "," 554,229,172.00 "," 1,432.00 ", 385.00 ," 5,319,339.00 "," 1,580,920.00 "," 219,306.00 "," 559,548,511.00 "
25/04/2025,NYSE American Options (A)," 2,500,622.00 "," 308,891.00 "," 832,058,879.00 ", -   , -   , -   ," 2,500,622.00 "," 308,891.00 "," 832,058,879.00 "
25/04/2025,BOX Options (B)," 4,046,354.00 "," 502,165.00 "," 1,135,949,774.00 ", -   , -   , -   ," 4,046,354.00 "," 502,165.00 "," 1,135,949,774.00 "
25/04/2025,Cboe Options Exchange (C)," 5,590,119.00 "," 877,340.00 "," 2,066,478,215.00 "," 4,296,672.00 "," 1,008,956.00 "," 10,232,924,674.00 "," 9,886,791.00 "," 1,886,296.00 "," 12,299,402,889.00 "
25/04/2025,MIAX Emerald (D)," 2,385,262.00 "," 382,510.00 "," 762,279,681.00 ", -   , -   , -   ," 2,385,262.00 "," 382,510.00 "," 762,279,681.00 "
25/04/2025,Cboe EDGX Options Exchange (E)," 4,749,121.00 "," 608,153.00 "," 1,108,428,592.00 ", -   , -   , -   ," 4,749,121.00 "," 608,153.00 "," 1,108,428,592.00 "
25/04/2025,Nasdaq GEMX (H)," 3,005,353.00 "," 386,788.00 "," 670,925,632.00 ", 170.00 , 113.00 ," 7,606,275.00 "," 3,005,523.00 "," 386,901.00 "," 678,531,907.00 "
25/04/2025,Nasdaq ISE (I)," 3,950,481.00 "," 577,545.00 "," 1,563,661,703.50 "," 29,094.00 "," 10,827.00 "," 175,105,800.00 "," 3,979,575.00 "," 588,372.00 "," 1,738,767,503.50 "
25/04/2025,Nasdaq MRX (J)," 1,987,873.00 "," 258,976.00 "," 419,270,292.00 ", -   , -   , -   ," 1,987,873.00 "," 258,976.00 "," 419,270,292.00 "
25/04/2025,MIAX Options Exchange (M)," 4,251,225.00 "," 665,408.00 "," 1,296,911,213.00 ", -   , -   , -   ," 4,251,225.00 "," 665,408.00 "," 1,296,911,213.00 "
25/04/2025,NYSE Arca Options (N)," 6,403,938.00 "," 861,763.00 "," 2,384,646,401.00 ", 1.00 , 1.00 , 300.00 ," 6,403,939.00 "," 861,764.00 "," 2,384,646,701.00 "
25/04/2025,MIAX Pearl (P)," 1,355,633.00 "," 172,921.00 "," 276,959,564.00 ", -   , -   , -   ," 1,355,633.00 "," 172,921.00 "," 276,959,564.00 "
25/04/2025,NASDAQ Options Market (Q)," 2,623,955.00 "," 374,494.00 "," 792,012,427.50 ", -   , -   , -   ," 2,623,955.00 "," 374,494.00 "," 792,012,427.50 "
25/04/2025,MIAX Sapphire (S)," 1,992,828.00 "," 283,204.00 "," 551,740,584.00 ", -   , -   , -   ," 1,992,828.00 "," 283,204.00 "," 551,740,584.00 "
25/04/2025,Nasdaq BX Options (T)," 977,830.00 "," 103,438.00 "," 169,927,552.00 ", -   , -   , -   ," 977,830.00 "," 103,438.00 "," 169,927,552.00 "
25/04/2025,Members Exchange (U)," 2,064,782.00 "," 252,673.00 "," 434,986,361.00 ", -   , -   , -   ," 2,064,782.00 "," 252,673.00 "," 434,986,361.00 "
25/04/2025,Cboe C2 Options Exchange (W)," 1,863,473.00 "," 232,625.00 "," 563,170,187.00 "," 11,514.00 "," 2,977.00 "," 22,782,411.00 "," 1,874,987.00 "," 235,602.00 "," 585,952,598.00 "
25/04/2025,Nasdaq PHLX (X)," 5,153,487.00 "," 483,421.00 "," 1,914,992,070.00 "," 29,392.00 "," 12,934.00 "," 245,405,883.00 "," 5,182,879.00 "," 496,355.00 "," 2,160,397,953.00 "
25/04/2025,Cboe BZX Options Exchange (Z)," 2,235,930.00 "," 292,562.00 "," 629,746,736.00 "," 1,145.00 ", 285.00 ," 4,446,012.00 "," 2,237,075.00 "," 292,847.00 "," 634,192,748.00 "
24/04/2025,NYSE American Options (A)," 2,513,204.00 "," 274,925.00 "," 671,564,079.00 ", -   , -   , -   ," 2,513,204.00 "," 274,925.00 "," 671,564,079.00 "
24/04/2025,BOX Options (B)," 3,506,027.00 "," 425,649.00 "," 1,566,669,607.00 ", -   , -   , -   ," 3,506,027.00 "," 425,649.00 "," 1,566,669,607.00 "
24/04/2025,Cboe Options Exchange (C)," 4,972,030.00 "," 761,689.00 "," 2,609,018,130.00 "," 4,261,021.00 "," 999,458.00 "," 12,034,735,706.00 "," 9,233,051.00 "," 1,761,147.00 "," 14,643,753,836.00 "
24/04/2025,MIAX Emerald (D)," 1,794,003.00 "," 292,703.00 "," 572,371,135.00 ", -   , -   , -   ," 1,794,003.00 "," 292,703.00 "," 572,371,135.00 "
24/04/2025,Cboe EDGX Options Exchange (E)," 3,614,628.00 "," 553,689.00 "," 870,082,486.00 ", -   , -   , -   ," 3,614,628.00 "," 553,689.00 "," 870,082,486.00 "
24/04/2025,Nasdaq GEMX (H)," 2,634,894.00 "," 371,565.00 "," 667,362,365.00 ", 217.00 , 161.00 ," 8,866,437.00 "," 2,635,111.00 "," 371,726.00 "," 676,228,802.00 "
24/04/2025,Nasdaq ISE (I)," 2,916,789.00 "," 484,085.00 "," 1,123,699,280.00 "," 23,452.00 "," 10,576.00 "," 170,693,075.00 "," 2,940,241.00 "," 494,661.00 "," 1,294,392,355.00 "
24/04/2025,Nasdaq MRX (J)," 1,662,695.00 "," 235,884.00 "," 370,903,707.00 ", -   , -   , -   ," 1,662,695.00 "," 235,884.00 "," 370,903,707.00 "
24/04/2025,MIAX Options Exchange (M)," 3,245,944.00 "," 544,018.00 "," 930,561,792.00 ", -   , -   , -   ," 3,245,944.00 "," 544,018.00 "," 930,561,792.00 "
24/04/2025,NYSE Arca Options (N)," 5,487,371.00 "," 691,832.00 "," 2,050,954,363.00 ", -   , -   , -   ," 5,487,371.00 "," 691,832.00 "," 2,050,954,363.00 "
24/04/2025,MIAX Pearl (P)," 1,272,809.00 "," 175,080.00 "," 298,163,901.00 ", -   , -   , -   ," 1,272,809.00 "," 175,080.00 "," 298,163,901.00 "
24/04/2025,NASDAQ Options Market (Q)," 2,200,919.00 "," 310,575.00 "," 690,893,862.00 ", -   , -   , -   ," 2,200,919.00 "," 310,575.00 "," 690,893,862.00 "
24/04/2025,MIAX Sapphire (S)," 1,745,248.00 "," 235,473.00 "," 493,423,044.00 ", -   , -   , -   ," 1,745,248.00 "," 235,473.00 "," 493,423,044.00 "
24/04/2025,Nasdaq BX Options (T)," 784,316.00 "," 87,605.00 "," 149,609,881.00 ", -   , -   , -   ," 784,316.00 "," 87,605.00 "," 149,609,881.00 "
24/04/2025,Members Exchange (U)," 1,654,430.00 "," 223,165.00 "," 405,938,908.00 ", -   , -   , -   ," 1,654,430.00 "," 223,165.00 "," 405,938,908.00 "
24/04/2025,Cboe C2 Options Exchange (W)," 1,406,531.00 "," 176,443.00 "," 380,710,804.00 "," 8,876.00 "," 2,395.00 "," 19,773,895.00 "," 1,415,407.00 "," 178,838.00 "," 400,484,699.00 "
24/04/2025,Nasdaq PHLX (X)," 4,369,384.00 "," 419,367.00 "," 2,124,344,238.00 "," 26,140.00 "," 13,280.00 "," 240,495,684.00 "," 4,395,524.00 "," 432,647.00 "," 2,364,839,922.00 "
24/04/2025,Cboe BZX Options Exchange (Z)," 1,873,384.00 "," 246,914.00 "," 560,987,409.00 "," 1,318.00 ", 443.00 ," 4,438,188.00 "," 1,874,702.00 "," 247,357.00 "," 565,425,597.00 "
23/04/2025,NYSE American Options (A)," 2,315,043.00 "," 287,585.00 "," 777,309,091.00 ", -   , -   , -   ," 2,315,043.00 "," 287,585.00 "," 777,309,091.00 "
23/04/2025,BOX Options (B)," 3,695,746.00 "," 415,589.00 "," 1,484,538,759.50 ", -   , -   , -   ," 3,695,746.00 "," 415,589.00 "," 1,484,538,759.50 "
23/04/2025,Cboe Options Exchange (C)," 5,787,261.00 "," 965,651.00 "," 2,512,688,625.00 "," 4,643,167.00 "," 1,021,003.00 "," 13,871,123,402.00 "," 10,430,428.00 "," 1,986,654.00 "," 16,383,812,027.00 "
23/04/2025,MIAX Emerald (D)," 2,216,841.00 "," 346,891.00 "," 738,470,507.00 ", -   , -   , -   ," 2,216,841.00 "," 346,891.00 "," 738,470,507.00 "
23/04/2025,Cboe EDGX Options Exchange (E)," 3,952,533.00 "," 606,453.00 "," 1,142,547,689.00 ", -   , -   , -   ," 3,952,533.00 "," 606,453.00 "," 1,142,547,689.00 "
23/04/2025,Nasdaq GEMX (H)," 3,172,776.00 "," 424,966.00 "," 864,262,173.00 ", 240.00 , 151.00 ," 8,221,079.00 "," 3,173,016.00 "," 425,117.00 "," 872,483,252.00 "
23/04/2025,Nasdaq ISE (I)," 3,650,484.00 "," 540,445.00 "," 1,371,437,147.00 "," 24,290.00 "," 12,292.00 "," 302,759,034.00 "," 3,674,774.00 "," 552,737.00 "," 1,674,196,181.00 "
23/04/2025,Nasdaq MRX (J)," 1,866,322.00 "," 248,413.00 "," 465,366,476.00 ", -   , -   , -   ," 1,866,322.00 "," 248,413.00 "," 465,366,476.00 "
23/04/2025,MIAX Options Exchange (M)," 3,999,314.00 "," 636,790.00 "," 1,281,754,699.00 ", -   , -   , -   ," 3,999,314.00 "," 636,790.00 "," 1,281,754,699.00 "
23/04/2025,NYSE Arca Options (N)," 7,056,651.00 "," 853,715.00 "," 2,572,825,407.00 ", -   , -   , -   ," 7,056,651.00 "," 853,715.00 "," 2,572,825,407.00 "
23/04/2025,MIAX Pearl (P)," 1,541,337.00 "," 205,400.00 "," 414,341,519.00 ", -   , -   , -   ," 1,541,337.00 "," 205,400.00 "," 414,341,519.00 "
23/04/2025,NASDAQ Options Market (Q)," 2,840,902.00 "," 396,782.00 "," 920,250,686.30 ", -   , -   , -   ," 2,840,902.00 "," 396,782.00 "," 920,250,686.30 "
23/04/2025,MIAX Sapphire (S)," 1,912,720.00 "," 261,170.00 "," 565,855,995.00 ", -   , -   , -   ," 1,912,720.00 "," 261,170.00 "," 565,855,995.00 "
23/04/2025,Nasdaq BX Options (T)," 899,845.00 "," 98,656.00 "," 196,200,985.00 ", -   , -   , -   ," 899,845.00 "," 98,656.00 "," 196,200,985.00 "
23/04/2025,Members Exchange (U)," 1,977,066.00 "," 256,343.00 "," 500,371,923.00 ", -   , -   , -   ," 1,977,066.00 "," 256,343.00 "," 500,371,923.00 "
23/04/2025,Cboe C2 Options Exchange (W)," 1,599,138.00 "," 184,809.00 "," 415,014,504.00 "," 14,681.00 "," 3,768.00 "," 46,148,961.00 "," 1,613,819.00 "," 188,577.00 "," 461,163,465.00 "
23/04/2025,Nasdaq PHLX (X)," 3,930,354.00 "," 366,266.00 "," 1,377,651,027.50 "," 26,244.00 "," 13,373.00 "," 300,836,951.00 "," 3,956,598.00 "," 379,639.00 "," 1,678,487,978.50 "
23/04/2025,Cboe BZX Options Exchange (Z)," 2,274,970.00 "," 303,797.00 "," 711,077,705.00 "," 3,070.00 ", 786.00 ," 17,416,687.00 "," 2,278,040.00 "," 304,583.00 "," 728,494,392.00 "
22/04/2025,NYSE American Options (A)," 2,492,295.00 "," 283,324.00 "," 1,015,051,876.00 ", -   , -   , -   ," 2,492,295.00 "," 283,324.00 "," 1,015,051,876.00 "
22/04/2025,BOX Options (B)," 3,142,129.00 "," 374,976.00 "," 1,659,475,881.00 ", -   , -   , -   ," 3,142,129.00 "," 374,976.00 "," 1,659,475,881.00 "
22/04/2025,Cboe Options Exchange (C)," 4,878,465.00 "," 868,624.00 "," 1,895,297,580.00 "," 4,276,785.00 "," 1,009,984.00 "," 12,876,752,686.00 "," 9,155,250.00 "," 1,878,608.00 "," 14,772,050,266.00 "
22/04/2025,MIAX Emerald (D)," 1,769,326.00 "," 304,342.00 "," 610,030,111.00 ", -   , -   , -   ," 1,769,326.00 "," 304,342.00 "," 610,030,111.00 "
22/04/2025,Cboe EDGX Options Exchange (E)," 3,618,351.00 "," 554,106.00 "," 1,051,005,849.00 ", -   , -   , -   ," 3,618,351.00 "," 554,106.00 "," 1,051,005,849.00 "
22/04/2025,Nasdaq GEMX (H)," 2,297,608.00 "," 291,050.00 "," 574,358,388.00 ", 287.00 , 198.00 ," 11,480,270.00 "," 2,297,895.00 "," 291,248.00 "," 585,838,658.00 "
22/04/2025,Nasdaq ISE (I)," 2,878,722.00 "," 458,750.00 "," 1,278,436,477.00 "," 20,223.00 "," 9,080.00 "," 249,423,388.00 "," 2,898,945.00 "," 467,830.00 "," 1,527,859,865.00 "
22/04/2025,Nasdaq MRX (J)," 1,300,121.00 "," 185,655.00 "," 342,600,256.00 ", -   , -   , -   ," 1,300,121.00 "," 185,655.00 "," 342,600,256.00 "
22/04/2025,MIAX Options Exchange (M)," 3,335,578.00 "," 590,916.00 "," 1,192,338,516.00 ", -   , -   , -   ," 3,335,578.00 "," 590,916.00 "," 1,192,338,516.00 "
22/04/2025,NYSE Arca Options (N)," 5,758,980.00 "," 806,547.00 "," 2,561,627,514.00 ", -   , -   , -   ," 5,758,980.00 "," 806,547.00 "," 2,561,627,514.00 "
22/04/2025,MIAX Pearl (P)," 1,296,268.00 "," 181,192.00 "," 348,295,327.00 ", -   , -   , -   ," 1,296,268.00 "," 181,192.00 "," 348,295,327.00 "
22/04/2025,NASDAQ Options Market (Q)," 2,326,127.00 "," 348,763.00 "," 780,176,504.00 ", -   , -   , -   ," 2,326,127.00 "," 348,763.00 "," 780,176,504.00 "
22/04/2025,MIAX Sapphire (S)," 1,702,652.00 "," 237,731.00 "," 488,882,973.00 ", -   , -   , -   ," 1,702,652.00 "," 237,731.00 "," 488,882,973.00 "
22/04/2025,Nasdaq BX Options (T)," 810,734.00 "," 88,520.00 "," 169,171,504.00 ", -   , -   , -   ," 810,734.00 "," 88,520.00 "," 169,171,504.00 "
22/04/2025,Members Exchange (U)," 1,661,201.00 "," 224,771.00 "," 435,554,707.00 ", -   , -   , -   ," 1,661,201.00 "," 224,771.00 "," 435,554,707.00 "
22/04/2025,Cboe C2 Options Exchange (W)," 1,290,975.00 "," 160,370.00 "," 428,080,126.00 "," 9,760.00 "," 2,676.00 "," 24,987,354.00 "," 1,300,735.00 "," 163,046.00 "," 453,067,480.00 "
22/04/2025,Nasdaq PHLX (X)," 3,491,315.00 "," 335,322.00 "," 1,714,818,826.00 "," 25,455.00 "," 13,144.00 "," 317,745,994.00 "," 3,516,770.00 "," 348,466.00 "," 2,032,564,820.00 "
22/04/2025,Cboe BZX Options Exchange (Z)," 1,889,319.00 "," 260,034.00 "," 607,217,133.00 "," 2,263.00 ", 604.00 ," 15,231,065.00 "," 1,891,582.00 "," 260,638.00 "," 622,448,198.00 "
21/04/2025,NYSE American Options (A)," 2,079,848.00 "," 259,168.00 "," 765,737,402.00 ", -   , -   , -   ," 2,079,848.00 "," 259,168.00 "," 765,737,402.00 "
21/04/2025,BOX Options (B)," 2,994,849.00 "," 332,306.00 "," 1,664,519,901.00 ", -   , -   , -   ," 2,994,849.00 "," 332,306.00 "," 1,664,519,901.00 "
21/04/2025,Cboe Options Exchange (C)," 4,510,429.00 "," 708,242.00 "," 1,741,583,290.00 "," 3,941,173.00 "," 898,458.00 "," 15,118,375,499.00 "," 8,451,602.00 "," 1,606,700.00 "," 16,859,958,789.00 "
21/04/2025,MIAX Emerald (D)," 1,624,795.00 "," 280,516.00 "," 574,978,534.00 ", -   , -   , -   ," 1,624,795.00 "," 280,516.00 "," 574,978,534.00 "
21/04/2025,Cboe EDGX Options Exchange (E)," 3,423,548.00 "," 547,288.00 "," 1,048,559,017.50 ", -   , -   , -   ," 3,423,548.00 "," 547,288.00 "," 1,048,559,017.50 "
21/04/2025,Nasdaq GEMX (H)," 2,048,125.00 "," 265,624.00 "," 559,557,740.00 ", 198.00 , 160.00 ," 6,646,164.00 "," 2,048,323.00 "," 265,784.00 "," 566,203,904.00 "
21/04/2025,Nasdaq ISE (I)," 2,906,296.00 "," 443,958.00 "," 1,305,470,183.00 "," 16,981.00 "," 8,981.00 "," 218,481,641.00 "," 2,923,277.00 "," 452,939.00 "," 1,523,951,824.00 "
21/04/2025,Nasdaq MRX (J)," 1,181,756.00 "," 167,908.00 "," 318,463,461.00 ", -   , -   , -   ," 1,181,756.00 "," 167,908.00 "," 318,463,461.00 "
21/04/2025,MIAX Options Exchange (M)," 3,297,393.00 "," 593,202.00 "," 1,220,573,036.00 ", -   , -   , -   ," 3,297,393.00 "," 593,202.00 "," 1,220,573,036.00 "
21/04/2025,NYSE Arca Options (N)," 4,899,709.00 "," 668,261.00 "," 2,254,497,325.00 ", -   , -   , -   ," 4,899,709.00 "," 668,261.00 "," 2,254,497,325.00 "
21/04/2025,MIAX Pearl (P)," 1,025,170.00 "," 142,656.00 "," 281,295,781.00 ", -   , -   , -   ," 1,025,170.00 "," 142,656.00 "," 281,295,781.00 "
21/04/2025,NASDAQ Options Market (Q)," 2,060,473.00 "," 301,349.00 "," 798,772,080.60 ", -   , -   , -   ," 2,060,473.00 "," 301,349.00 "," 798,772,080.60 "
21/04/2025,MIAX Sapphire (S)," 1,601,466.00 "," 218,712.00 "," 470,395,241.00 ", -   , -   , -   ," 1,601,466.00 "," 218,712.00 "," 470,395,241.00 "
21/04/2025,Nasdaq BX Options (T)," 742,290.00 "," 76,946.00 "," 143,065,962.00 ", -   , -   , -   ," 742,290.00 "," 76,946.00 "," 143,065,962.00 "
21/04/2025,Members Exchange (U)," 1,533,997.00 "," 203,845.00 "," 457,178,242.00 ", -   , -   , -   ," 1,533,997.00 "," 203,845.00 "," 457,178,242.00 "
21/04/2025,Cboe C2 Options Exchange (W)," 1,311,901.00 "," 160,011.00 "," 432,052,715.00 "," 9,201.00 "," 2,747.00 "," 33,332,834.00 "," 1,321,102.00 "," 162,758.00 "," 465,385,549.00 "
21/04/2025,Nasdaq PHLX (X)," 4,190,650.00 "," 374,127.00 "," 2,405,050,659.00 "," 27,433.00 "," 12,001.00 "," 302,458,092.00 "," 4,218,083.00 "," 386,128.00 "," 2,707,508,751.00 "
21/04/2025,Cboe BZX Options Exchange (Z)," 1,642,882.00 "," 233,185.00 "," 579,189,633.00 "," 2,333.00 ", 803.00 ," 15,900,250.00 "," 1,645,215.00 "," 233,988.00 "," 595,089,883.00 "
17/04/2025,NYSE American Options (A)," 2,682,106.00 "," 256,919.00 "," 879,593,889.00 ", -   , -   , -   ," 2,682,106.00 "," 256,919.00 "," 879,593,889.00 "
17/04/2025,BOX Options (B)," 3,357,691.00 "," 377,812.00 "," 1,230,195,416.00 ", -   , -   , -   ," 3,357,691.00 "," 377,812.00 "," 1,230,195,416.00 "
17/04/2025,Cboe Options Exchange (C)," 5,433,926.00 "," 774,979.00 "," 1,498,907,358.00 "," 3,661,546.00 "," 871,925.00 "," 16,714,352,354.00 "," 9,095,472.00 "," 1,646,904.00 "," 18,213,259,712.00 "
17/04/2025,MIAX Emerald (D)," 1,843,424.00 "," 313,852.00 "," 522,017,615.00 ", -   , -   , -   ," 1,843,424.00 "," 313,852.00 "," 522,017,615.00 "
17/04/2025,Cboe EDGX Options Exchange (E)," 4,301,330.00 "," 541,237.00 "," 785,840,570.00 ", -   , -   , -   ," 4,301,330.00 "," 541,237.00 "," 785,840,570.00 "
17/04/2025,Nasdaq GEMX (H)," 2,388,054.00 "," 283,746.00 "," 516,510,259.00 "," 1,805.00 ", 757.00 ," 116,557,633.00 "," 2,389,859.00 "," 284,503.00 "," 633,067,892.00 "
17/04/2025,Nasdaq ISE (I)," 3,779,420.00 "," 478,133.00 "," 1,182,629,662.50 "," 10,727.00 "," 4,671.00 "," 332,229,170.00 "," 3,790,147.00 "," 482,804.00 "," 1,514,858,832.50 "
17/04/2025,Nasdaq MRX (J)," 1,204,828.00 "," 180,209.00 "," 297,060,926.00 ", -   , -   , -   ," 1,204,828.00 "," 180,209.00 "," 297,060,926.00 "
17/04/2025,MIAX Options Exchange (M)," 3,734,760.00 "," 597,098.00 "," 1,049,038,436.00 ", -   , -   , -   ," 3,734,760.00 "," 597,098.00 "," 1,049,038,436.00 "
17/04/2025,NYSE Arca Options (N)," 6,191,946.00 "," 795,128.00 "," 2,179,925,566.00 ", -   , -   , -   ," 6,191,946.00 "," 795,128.00 "," 2,179,925,566.00 "
17/04/2025,MIAX Pearl (P)," 1,357,399.00 "," 186,924.00 "," 295,856,415.00 ", -   , -   , -   ," 1,357,399.00 "," 186,924.00 "," 295,856,415.00 "
17/04/2025,NASDAQ Options Market (Q)," 2,395,966.00 "," 348,370.00 "," 669,215,825.80 ", -   , -   , -   ," 2,395,966.00 "," 348,370.00 "," 669,215,825.80 "
17/04/2025,MIAX Sapphire (S)," 1,797,520.00 "," 246,220.00 "," 391,142,678.00 ", -   , -   , -   ," 1,797,520.00 "," 246,220.00 "," 391,142,678.00 "
17/04/2025,Nasdaq BX Options (T)," 896,877.00 "," 97,491.00 "," 152,873,367.00 ", -   , -   , -   ," 896,877.00 "," 97,491.00 "," 152,873,367.00 "
17/04/2025,Members Exchange (U)," 1,873,631.00 "," 238,012.00 "," 388,438,441.00 ", -   , -   , -   ," 1,873,631.00 "," 238,012.00 "," 388,438,441.00 "
17/04/2025,Cboe C2 Options Exchange (W)," 1,504,059.00 "," 191,093.00 "," 390,925,826.00 "," 9,925.00 "," 3,402.00 "," 36,759,226.00 "," 1,513,984.00 "," 194,495.00 "," 427,685,052.00 "
17/04/2025,Nasdaq PHLX (X)," 4,548,946.00 "," 375,331.00 "," 1,649,414,794.00 "," 48,281.00 "," 5,559.00 "," 451,887,361.00 "," 4,597,227.00 "," 380,890.00 "," 2,101,302,155.00 "
17/04/2025,Cboe BZX Options Exchange (Z)," 2,083,841.00 "," 272,407.00 "," 522,190,122.00 "," 4,970.00 "," 1,635.00 "," 30,295,616.00 "," 2,088,811.00 "," 274,042.00 "," 552,485,738.00 "
16/04/2025,NYSE American Options (A)," 3,305,827.00 "," 256,831.00 "," 1,480,889,193.00 ", -   , -   , -   ," 3,305,827.00 "," 256,831.00 "," 1,480,889,193.00 "
16/04/2025,BOX Options (B)," 6,549,923.00 "," 416,368.00 "," 10,355,720,226.00 ", -   , -   , -   ," 6,549,923.00 "," 416,368.00 "," 10,355,720,226.00 "
16/04/2025,Cboe Options Exchange (C)," 4,699,287.00 "," 774,834.00 "," 1,578,422,180.00 "," 4,632,140.00 "," 934,104.00 "," 15,612,809,850.00 "," 9,331,427.00 "," 1,708,938.00 "," 17,191,232,030.00 "
16/04/2025,MIAX Emerald (D)," 1,852,795.00 "," 314,596.00 "," 574,339,149.00 ", -   , -   , -   ," 1,852,795.00 "," 314,596.00 "," 574,339,149.00 "
16/04/2025,Cboe EDGX Options Exchange (E)," 3,670,641.00 "," 574,069.00 "," 874,366,649.00 ", -   , -   , -   ," 3,670,641.00 "," 574,069.00 "," 874,366,649.00 "
16/04/2025,Nasdaq GEMX (H)," 2,478,922.00 "," 311,332.00 "," 632,321,220.00 "," 1,819.00 ", 830.00 ," 21,527,528.00 "," 2,480,741.00 "," 312,162.00 "," 653,848,748.00 "
16/04/2025,Nasdaq ISE (I)," 3,482,748.00 "," 493,245.00 "," 1,333,960,257.50 "," 23,580.00 "," 10,937.00 "," 199,399,840.00 "," 3,506,328.00 "," 504,182.00 "," 1,533,360,097.50 "
16/04/2025,Nasdaq MRX (J)," 1,287,349.00 "," 193,806.00 "," 372,312,711.50 ", -   , -   , -   ," 1,287,349.00 "," 193,806.00 "," 372,312,711.50 "
16/04/2025,MIAX Options Exchange (M)," 4,642,043.00 "," 768,077.00 "," 1,375,727,705.00 ", -   , -   , -   ," 4,642,043.00 "," 768,077.00 "," 1,375,727,705.00 "
16/04/2025,NYSE Arca Options (N)," 6,337,675.00 "," 812,639.00 "," 2,622,375,087.00 ", -   , -   , -   ," 6,337,675.00 "," 812,639.00 "," 2,622,375,087.00 "
16/04/2025,MIAX Pearl (P)," 1,364,041.00 "," 186,986.00 "," 331,885,758.00 ", -   , -   , -   ," 1,364,041.00 "," 186,986.00 "," 331,885,758.00 "
16/04/2025,NASDAQ Options Market (Q)," 2,476,465.00 "," 355,967.00 "," 807,721,058.00 ", -   , -   , -   ," 2,476,465.00 "," 355,967.00 "," 807,721,058.00 "
16/04/2025,MIAX Sapphire (S)," 1,977,438.00 "," 275,434.00 "," 481,897,661.00 ", -   , -   , -   ," 1,977,438.00 "," 275,434.00 "," 481,897,661.00 "
16/04/2025,Nasdaq BX Options (T)," 878,624.00 "," 100,873.00 "," 176,340,055.00 ", -   , -   , -   ," 878,624.00 "," 100,873.00 "," 176,340,055.00 "
16/04/2025,Members Exchange (U)," 1,771,561.00 "," 236,240.00 "," 454,754,708.00 ", -   , -   , -   ," 1,771,561.00 "," 236,240.00 "," 454,754,708.00 "
16/04/2025,Cboe C2 Options Exchange (W)," 1,621,863.00 "," 189,687.00 "," 438,207,396.00 "," 7,756.00 "," 2,527.00 "," 18,327,210.00 "," 1,629,619.00 "," 192,214.00 "," 456,534,606.00 "
16/04/2025,Nasdaq PHLX (X)," 4,751,902.00 "," 331,347.00 "," 4,540,960,513.00 "," 30,715.00 "," 14,190.00 "," 510,604,908.00 "," 4,782,617.00 "," 345,537.00 "," 5,051,565,421.00 "
16/04/2025,Cboe BZX Options Exchange (Z)," 2,053,663.00 "," 281,230.00 "," 630,458,828.00 "," 1,947.00 ", 467.00 ," 6,836,565.00 "," 2,055,610.00 "," 281,697.00 "," 637,295,393.00 "
15/04/2025,NYSE American Options (A)," 2,536,780.00 "," 213,810.00 "," 750,801,293.00 ", -   , -   , -   ," 2,536,780.00 "," 213,810.00 "," 750,801,293.00 "
15/04/2025,BOX Options (B)," 3,097,579.00 "," 334,930.00 "," 2,156,601,513.20 ", -   , -   , -   ," 3,097,579.00 "," 334,930.00 "," 2,156,601,513.20 "
15/04/2025,Cboe Options Exchange (C)," 4,379,952.00 "," 644,952.00 "," 1,433,318,688.00 "," 4,539,338.00 "," 790,734.00 "," 14,091,011,527.00 "," 8,919,290.00 "," 1,435,686.00 "," 15,524,330,215.00 "
15/04/2025,MIAX Emerald (D)," 1,372,136.00 "," 237,706.00 "," 400,536,685.00 ", -   , -   , -   ," 1,372,136.00 "," 237,706.00 "," 400,536,685.00 "
15/04/2025,Cboe EDGX Options Exchange (E)," 2,716,556.00 "," 457,915.00 "," 668,060,012.00 ", -   , -   , -   ," 2,716,556.00 "," 457,915.00 "," 668,060,012.00 "
15/04/2025,Nasdaq GEMX (H)," 2,090,717.00 "," 259,762.00 "," 511,435,004.00 ", 466.00 , 268.00 ," 12,011,804.00 "," 2,091,183.00 "," 260,030.00 "," 523,446,808.00 "
15/04/2025,Nasdaq ISE (I)," 2,512,286.00 "," 367,728.00 "," 1,016,259,034.00 "," 15,235.00 "," 7,377.00 "," 127,948,087.00 "," 2,527,521.00 "," 375,105.00 "," 1,144,207,121.00 "
15/04/2025,Nasdaq MRX (J)," 952,710.00 "," 150,829.00 "," 258,605,668.00 ", -   , -   , -   ," 952,710.00 "," 150,829.00 "," 258,605,668.00 "
15/04/2025,MIAX Options Exchange (M)," 2,872,190.00 "," 497,622.00 "," 880,289,437.00 ", -   , -   , -   ," 2,872,190.00 "," 497,622.00 "," 880,289,437.00 "
15/04/2025,NYSE Arca Options (N)," 4,816,167.00 "," 647,286.00 "," 1,822,813,539.00 ", -   , -   , -   ," 4,816,167.00 "," 647,286.00 "," 1,822,813,539.00 "
15/04/2025,MIAX Pearl (P)," 1,081,280.00 "," 155,173.00 "," 257,902,277.00 ", -   , -   , -   ," 1,081,280.00 "," 155,173.00 "," 257,902,277.00 "
15/04/2025,NASDAQ Options Market (Q)," 2,017,380.00 "," 290,995.00 "," 633,079,479.00 ", -   , -   , -   ," 2,017,380.00 "," 290,995.00 "," 633,079,479.00 "
15/04/2025,MIAX Sapphire (S)," 1,473,067.00 "," 207,653.00 "," 389,468,229.00 ", -   , -   , -   ," 1,473,067.00 "," 207,653.00 "," 389,468,229.00 "
15/04/2025,Nasdaq BX Options (T)," 699,001.00 "," 78,950.00 "," 120,359,762.00 ", -   , -   , -   ," 699,001.00 "," 78,950.00 "," 120,359,762.00 "
15/04/2025,Members Exchange (U)," 1,506,745.00 "," 194,893.00 "," 363,801,315.00 ", -   , -   , -   ," 1,506,745.00 "," 194,893.00 "," 363,801,315.00 "
15/04/2025,Cboe C2 Options Exchange (W)," 1,248,060.00 "," 148,977.00 "," 327,206,182.00 "," 6,212.00 "," 2,265.00 "," 14,070,303.00 "," 1,254,272.00 "," 151,242.00 "," 341,276,485.00 "
15/04/2025,Nasdaq PHLX (X)," 3,772,168.00 "," 316,228.00 "," 1,280,717,749.50 "," 21,220.00 "," 10,269.00 "," 229,309,750.00 "," 3,793,388.00 "," 326,497.00 "," 1,510,027,499.50 "
15/04/2025,Cboe BZX Options Exchange (Z)," 1,574,175.00 "," 209,697.00 "," 462,395,603.20 "," 2,714.00 ", 616.00 ," 11,899,053.00 "," 1,576,889.00 "," 210,313.00 "," 474,294,656.20 "
14/04/2025,NYSE American Options (A)," 2,429,489.00 "," 264,218.00 "," 920,321,667.00 ", -   , -   , -   ," 2,429,489.00 "," 264,218.00 "," 920,321,667.00 "
14/04/2025,BOX Options (B)," 3,469,412.00 "," 424,632.00 "," 1,388,375,007.00 ", -   , -   , -   ," 3,469,412.00 "," 424,632.00 "," 1,388,375,007.00 "
14/04/2025,Cboe Options Exchange (C)," 4,410,538.00 "," 694,964.00 "," 1,972,205,704.00 "," 4,710,970.00 "," 836,256.00 "," 14,762,695,380.00 "," 9,121,508.00 "," 1,531,220.00 "," 16,734,901,084.00 "
14/04/2025,MIAX Emerald (D)," 1,667,526.00 "," 302,176.00 "," 516,773,091.00 ", -   , -   , -   ," 1,667,526.00 "," 302,176.00 "," 516,773,091.00 "
14/04/2025,Cboe EDGX Options Exchange (E)," 3,166,118.00 "," 551,699.00 "," 830,188,502.00 ", -   , -   , -   ," 3,166,118.00 "," 551,699.00 "," 830,188,502.00 "
14/04/2025,Nasdaq GEMX (H)," 2,075,840.00 "," 266,349.00 "," 582,336,930.00 ", 617.00 , 460.00 ," 11,690,757.00 "," 2,076,457.00 "," 266,809.00 "," 594,027,687.00 "
14/04/2025,Nasdaq ISE (I)," 3,082,193.00 "," 447,063.00 "," 1,220,114,400.00 "," 17,201.00 "," 8,513.00 "," 176,692,419.00 "," 3,099,394.00 "," 455,576.00 "," 1,396,806,819.00 "
14/04/2025,Nasdaq MRX (J)," 1,148,527.00 "," 181,955.00 "," 362,003,310.00 ", -   , -   , -   ," 1,148,527.00 "," 181,955.00 "," 362,003,310.00 "
14/04/2025,MIAX Options Exchange (M)," 3,291,143.00 "," 629,805.00 "," 1,165,587,363.00 ", -   , -   , -   ," 3,291,143.00 "," 629,805.00 "," 1,165,587,363.00 "
14/04/2025,NYSE Arca Options (N)," 5,792,381.00 "," 763,953.00 "," 2,201,328,398.00 ", -   , -   , -   ," 5,792,381.00 "," 763,953.00 "," 2,201,328,398.00 "
14/04/2025,MIAX Pearl (P)," 1,377,892.00 "," 204,952.00 "," 379,046,127.00 ", -   , -   , -   ," 1,377,892.00 "," 204,952.00 "," 379,046,127.00 "
14/04/2025,NASDAQ Options Market (Q)," 2,495,456.00 "," 371,180.00 "," 811,252,456.00 ", -   , -   , -   ," 2,495,456.00 "," 371,180.00 "," 811,252,456.00 "
14/04/2025,MIAX Sapphire (S)," 1,903,144.00 "," 241,743.00 "," 534,202,091.00 ", -   , -   , -   ," 1,903,144.00 "," 241,743.00 "," 534,202,091.00 "
14/04/2025,Nasdaq BX Options (T)," 852,494.00 "," 97,521.00 "," 170,219,333.00 ", -   , -   , -   ," 852,494.00 "," 97,521.00 "," 170,219,333.00 "
14/04/2025,Members Exchange (U)," 1,773,048.00 "," 235,180.00 "," 470,968,295.00 ", -   , -   , -   ," 1,773,048.00 "," 235,180.00 "," 470,968,295.00 "
14/04/2025,Cboe C2 Options Exchange (W)," 1,370,809.00 "," 181,375.00 "," 395,759,532.50 "," 10,165.00 "," 2,914.00 "," 29,900,095.00 "," 1,380,974.00 "," 184,289.00 "," 425,659,627.50 "
14/04/2025,Nasdaq PHLX (X)," 4,125,361.00 "," 406,335.00 "," 1,668,905,815.00 "," 24,829.00 "," 13,028.00 "," 370,661,551.00 "," 4,150,190.00 "," 419,363.00 "," 2,039,567,366.00 "
14/04/2025,Cboe BZX Options Exchange (Z)," 2,091,016.00 "," 290,560.00 "," 674,467,254.00 "," 3,666.00 "," 1,118.00 "," 11,830,294.00 "," 2,094,682.00 "," 291,678.00 "," 686,297,548.00 "
11/04/2025,NYSE American Options (A)," 4,113,345.00 "," 290,342.00 "," 1,605,023,561.00 ", -   , -   , -   ," 4,113,345.00 "," 290,342.00 "," 1,605,023,561.00 "
11/04/2025,BOX Options (B)," 4,108,771.00 "," 492,764.00 "," 1,477,296,928.00 ", -   , -   , -   ," 4,108,771.00 "," 492,764.00 "," 1,477,296,928.00 "
11/04/2025,Cboe Options Exchange (C)," 5,180,769.00 "," 735,677.00 "," 1,704,315,513.00 "," 4,696,980.00 "," 832,398.00 "," 17,701,597,738.00 "," 9,877,749.00 "," 1,568,075.00 "," 19,405,913,251.00 "
11/04/2025,MIAX Emerald (D)," 1,910,459.00 "," 337,473.00 "," 651,064,862.00 ", -   , -   , -   ," 1,910,459.00 "," 337,473.00 "," 651,064,862.00 "
11/04/2025,Cboe EDGX Options Exchange (E)," 4,596,683.00 "," 688,942.00 "," 1,117,327,676.00 ", -   , -   , -   ," 4,596,683.00 "," 688,942.00 "," 1,117,327,676.00 "
11/04/2025,Nasdaq GEMX (H)," 2,640,981.00 "," 362,906.00 "," 845,744,318.00 ", 510.00 , 319.00 ," 8,965,636.00 "," 2,641,491.00 "," 363,225.00 "," 854,709,954.00 "
11/04/2025,Nasdaq ISE (I)," 3,856,407.00 "," 533,758.00 "," 1,434,956,029.50 "," 14,769.00 "," 7,789.00 "," 185,021,177.00 "," 3,871,176.00 "," 541,547.00 "," 1,619,977,206.50 "
11/04/2025,Nasdaq MRX (J)," 1,398,576.00 "," 211,228.00 "," 391,507,500.00 ", -   , -   , -   ," 1,398,576.00 "," 211,228.00 "," 391,507,500.00 "
11/04/2025,MIAX Options Exchange (M)," 3,967,571.00 "," 712,855.00 "," 1,382,680,008.00 ", -   , -   , -   ," 3,967,571.00 "," 712,855.00 "," 1,382,680,008.00 "
11/04/2025,NYSE Arca Options (N)," 7,453,719.00 "," 962,967.00 "," 2,871,766,364.00 ", -   , -   , -   ," 7,453,719.00 "," 962,967.00 "," 2,871,766,364.00 "
11/04/2025,MIAX Pearl (P)," 1,654,880.00 "," 242,026.00 "," 437,929,713.00 ", -   , -   , -   ," 1,654,880.00 "," 242,026.00 "," 437,929,713.00 "
11/04/2025,NASDAQ Options Market (Q)," 3,220,779.00 "," 493,143.00 "," 1,157,583,747.00 ", -   , -   , -   ," 3,220,779.00 "," 493,143.00 "," 1,157,583,747.00 "
11/04/2025,MIAX Sapphire (S)," 2,125,271.00 "," 282,981.00 "," 631,549,862.00 ", -   , -   , -   ," 2,125,271.00 "," 282,981.00 "," 631,549,862.00 "
11/04/2025,Nasdaq BX Options (T)," 1,003,531.00 "," 122,199.00 "," 225,703,800.00 ", -   , -   , -   ," 1,003,531.00 "," 122,199.00 "," 225,703,800.00 "
11/04/2025,Members Exchange (U)," 2,154,003.00 "," 286,866.00 "," 588,796,422.00 ", -   , -   , -   ," 2,154,003.00 "," 286,866.00 "," 588,796,422.00 "
11/04/2025,Cboe C2 Options Exchange (W)," 1,584,379.00 "," 209,630.00 "," 465,396,377.00 "," 8,143.00 "," 2,818.00 "," 32,194,425.00 "," 1,592,522.00 "," 212,448.00 "," 497,590,802.00 "
11/04/2025,Nasdaq PHLX (X)," 5,091,860.00 "," 456,195.00 "," 2,020,870,492.00 "," 19,654.00 "," 11,348.00 "," 292,726,644.00 "," 5,111,514.00 "," 467,543.00 "," 2,313,597,136.00 "
11/04/2025,Cboe BZX Options Exchange (Z)," 2,510,525.00 "," 347,156.00 "," 808,056,103.00 "," 2,633.00 ", 835.00 ," 8,012,211.00 "," 2,513,158.00 "," 347,991.00 "," 816,068,314.00 "
10/04/2025,NYSE American Options (A)," 4,436,298.00 "," 329,699.00 "," 2,020,881,609.00 ", -   , -   , -   ," 4,436,298.00 "," 329,699.00 "," 2,020,881,609.00 "
10/04/2025,BOX Options (B)," 5,295,739.00 "," 536,071.00 "," 4,437,317,656.00 ", -   , -   , -   ," 5,295,739.00 "," 536,071.00 "," 4,437,317,656.00 "
10/04/2025,Cboe Options Exchange (C)," 6,306,907.00 "," 885,736.00 "," 2,408,852,071.00 "," 5,294,384.00 "," 991,452.00 "," 22,626,775,850.00 "," 11,601,291.00 "," 1,877,188.00 "," 25,035,627,921.00 "
10/04/2025,MIAX Emerald (D)," 2,252,394.00 "," 405,004.00 "," 874,456,760.00 ", -   , -   , -   ," 2,252,394.00 "," 405,004.00 "," 874,456,760.00 "
10/04/2025,Cboe EDGX Options Exchange (E)," 3,595,760.00 "," 543,460.00 "," 1,313,109,410.00 ", -   , -   , -   ," 3,595,760.00 "," 543,460.00 "," 1,313,109,410.00 "
10/04/2025,Nasdaq GEMX (H)," 3,233,791.00 "," 459,420.00 "," 1,193,604,049.00 ", 382.00 , 172.00 ," 16,202,215.00 "," 3,234,173.00 "," 459,592.00 "," 1,209,806,264.00 "
10/04/2025,Nasdaq ISE (I)," 3,715,837.00 "," 535,260.00 "," 1,678,496,480.50 "," 19,610.00 "," 8,551.00 "," 397,782,505.00 "," 3,735,447.00 "," 543,811.00 "," 2,076,278,985.50 "
10/04/2025,Nasdaq MRX (J)," 1,582,835.00 "," 240,918.00 "," 587,120,570.00 ", -   , -   , -   ," 1,582,835.00 "," 240,918.00 "," 587,120,570.00 "
10/04/2025,MIAX Options Exchange (M)," 4,589,729.00 "," 837,345.00 "," 1,789,580,746.00 ", -   , -   , -   ," 4,589,729.00 "," 837,345.00 "," 1,789,580,746.00 "
10/04/2025,NYSE Arca Options (N)," 7,909,677.00 "," 1,094,770.00 "," 3,610,866,215.00 ", -   , -   , -   ," 7,909,677.00 "," 1,094,770.00 "," 3,610,866,215.00 "
10/04/2025,MIAX Pearl (P)," 1,997,912.00 "," 301,845.00 "," 648,409,671.00 ", -   , -   , -   ," 1,997,912.00 "," 301,845.00 "," 648,409,671.00 "
10/04/2025,NASDAQ Options Market (Q)," 3,919,200.00 "," 591,742.00 "," 1,546,997,644.00 ", -   , -   , -   ," 3,919,200.00 "," 591,742.00 "," 1,546,997,644.00 "
10/04/2025,MIAX Sapphire (S)," 2,384,101.00 "," 322,167.00 "," 974,798,256.00 ", -   , -   , -   ," 2,384,101.00 "," 322,167.00 "," 974,798,256.00 "
10/04/2025,Nasdaq BX Options (T)," 1,277,425.00 "," 171,714.00 "," 382,522,944.00 ", -   , -   , -   ," 1,277,425.00 "," 171,714.00 "," 382,522,944.00 "
10/04/2025,Members Exchange (U)," 2,502,136.00 "," 344,716.00 "," 813,727,933.00 ", -   , -   , -   ," 2,502,136.00 "," 344,716.00 "," 813,727,933.00 "
10/04/2025,Cboe C2 Options Exchange (W)," 1,711,745.00 "," 219,133.00 "," 630,563,494.00 "," 11,982.00 "," 3,423.00 "," 66,069,253.00 "," 1,723,727.00 "," 222,556.00 "," 696,632,747.00 "
10/04/2025,Nasdaq PHLX (X)," 5,778,533.00 "," 513,985.00 "," 3,682,044,282.00 "," 27,302.00 "," 13,508.00 "," 554,362,983.00 "," 5,805,835.00 "," 527,493.00 "," 4,236,407,265.00 "
10/04/2025,Cboe BZX Options Exchange (Z)," 3,038,068.00 "," 433,453.00 "," 1,115,894,322.00 "," 3,288.00 "," 1,220.00 "," 14,509,809.00 "," 3,041,356.00 "," 434,673.00 "," 1,130,404,131.00 "
09/04/2025,NYSE American Options (A)," 3,955,018.00 "," 339,507.00 "," 1,476,332,362.00 ", -   , -   , -   ," 3,955,018.00 "," 339,507.00 "," 1,476,332,362.00 "
09/04/2025,BOX Options (B)," 6,167,291.00 "," 620,026.00 "," 2,982,942,271.00 ", -   , -   , -   ," 6,167,291.00 "," 620,026.00 "," 2,982,942,271.00 "
09/04/2025,Cboe Options Exchange (C)," 6,053,946.00 "," 889,120.00 "," 3,089,911,356.00 "," 6,677,720.00 "," 972,781.00 "," 41,965,671,790.00 "," 12,731,666.00 "," 1,861,901.00 "," 45,055,583,146.00 "
09/04/2025,MIAX Emerald (D)," 2,742,488.00 "," 468,108.00 "," 1,197,561,061.00 ", -   , -   , -   ," 2,742,488.00 "," 468,108.00 "," 1,197,561,061.00 "
09/04/2025,Cboe EDGX Options Exchange (E)," 4,667,566.00 "," 730,862.00 "," 1,967,646,538.00 ", -   , -   , -   ," 4,667,566.00 "," 730,862.00 "," 1,967,646,538.00 "
09/04/2025,Nasdaq GEMX (H)," 3,590,849.00 "," 473,441.00 "," 1,501,898,615.00 ", 491.00 , 239.00 ," 24,538,798.00 "," 3,591,340.00 "," 473,680.00 "," 1,526,437,413.00 "
09/04/2025,Nasdaq ISE (I)," 5,211,932.00 "," 671,915.00 "," 2,791,508,736.50 "," 22,571.00 "," 9,827.00 "," 426,350,244.00 "," 5,234,503.00 "," 681,742.00 "," 3,217,858,980.50 "
09/04/2025,Nasdaq MRX (J)," 1,885,095.00 "," 268,851.00 "," 727,982,653.00 ", -   , -   , -   ," 1,885,095.00 "," 268,851.00 "," 727,982,653.00 "
09/04/2025,MIAX Options Exchange (M)," 4,705,899.00 "," 870,148.00 "," 2,407,992,051.00 ", -   , -   , -   ," 4,705,899.00 "," 870,148.00 "," 2,407,992,051.00 "
09/04/2025,NYSE Arca Options (N)," 9,900,886.00 "," 1,156,464.00 "," 4,701,134,095.00 ", -   , -   , -   ," 9,900,886.00 "," 1,156,464.00 "," 4,701,134,095.00 "
09/04/2025,MIAX Pearl (P)," 2,250,606.00 "," 333,561.00 "," 849,621,101.00 ", -   , -   , -   ," 2,250,606.00 "," 333,561.00 "," 849,621,101.00 "
09/04/2025,NASDAQ Options Market (Q)," 4,676,385.00 "," 629,981.00 "," 2,016,309,904.00 ", -   , -   , -   ," 4,676,385.00 "," 629,981.00 "," 2,016,309,904.00 "
09/04/2025,MIAX Sapphire (S)," 2,965,429.00 "," 358,627.00 "," 1,373,766,188.00 ", -   , -   , -   ," 2,965,429.00 "," 358,627.00 "," 1,373,766,188.00 "
09/04/2025,Nasdaq BX Options (T)," 1,324,492.00 "," 150,632.00 "," 467,647,319.00 ", -   , -   , -   ," 1,324,492.00 "," 150,632.00 "," 467,647,319.00 "
09/04/2025,Members Exchange (U)," 2,972,326.00 "," 376,785.00 "," 1,056,129,827.00 ", -   , -   , -   ," 2,972,326.00 "," 376,785.00 "," 1,056,129,827.00 "
09/04/2025,Cboe C2 Options Exchange (W)," 2,097,479.00 "," 260,998.00 "," 953,721,476.00 "," 16,644.00 "," 4,254.00 "," 88,417,199.00 "," 2,114,123.00 "," 265,252.00 "," 1,042,138,675.00 "
09/04/2025,Nasdaq PHLX (X)," 7,885,872.00 "," 632,468.00 "," 3,136,312,735.50 "," 30,133.00 "," 13,900.00 "," 905,939,640.00 "," 7,916,005.00 "," 646,368.00 "," 4,042,252,375.50 "
09/04/2025,Cboe BZX Options Exchange (Z)," 3,676,368.00 "," 491,919.00 "," 1,526,341,280.00 "," 3,576.00 "," 1,033.00 "," 15,525,301.00 "," 3,679,944.00 "," 492,952.00 "," 1,541,866,581.00 "
08/04/2025,NYSE American Options (A)," 3,824,426.00 "," 338,960.00 "," 1,442,809,533.00 ", -   , -   , -   ," 3,824,426.00 "," 338,960.00 "," 1,442,809,533.00 "
08/04/2025,BOX Options (B)," 4,795,101.00 "," 538,573.00 "," 2,822,827,335.00 ", -   , -   , -   ," 4,795,101.00 "," 538,573.00 "," 2,822,827,335.00 "
08/04/2025,Cboe Options Exchange (C)," 5,601,620.00 "," 855,833.00 "," 2,634,708,261.50 "," 6,163,705.00 "," 975,997.00 "," 31,593,105,680.00 "," 11,765,325.00 "," 1,831,830.00 "," 34,227,813,941.50 "
08/04/2025,MIAX Emerald (D)," 2,225,747.00 "," 403,640.00 "," 1,000,373,001.00 ", -   , -   , -   ," 2,225,747.00 "," 403,640.00 "," 1,000,373,001.00 "
08/04/2025,Cboe EDGX Options Exchange (E)," 3,729,002.00 "," 595,917.00 "," 1,645,425,157.00 ", -   , -   , -   ," 3,729,002.00 "," 595,917.00 "," 1,645,425,157.00 "
08/04/2025,Nasdaq GEMX (H)," 2,605,676.00 "," 365,509.00 "," 1,118,691,845.00 ", 490.00 , 184.00 ," 21,886,533.00 "," 2,606,166.00 "," 365,693.00 "," 1,140,578,378.00 "
08/04/2025,Nasdaq ISE (I)," 4,049,768.00 "," 541,928.00 "," 2,182,203,992.50 "," 21,007.00 "," 9,672.00 "," 404,655,282.00 "," 4,070,775.00 "," 551,600.00 "," 2,586,859,274.50 "
08/04/2025,Nasdaq MRX (J)," 1,679,003.00 "," 240,198.00 "," 679,131,590.00 ", -   , -   , -   ," 1,679,003.00 "," 240,198.00 "," 679,131,590.00 "
08/04/2025,MIAX Options Exchange (M)," 4,578,592.00 "," 811,539.00 "," 2,222,174,126.00 ", -   , -   , -   ," 4,578,592.00 "," 811,539.00 "," 2,222,174,126.00 "
08/04/2025,NYSE Arca Options (N)," 7,798,416.00 "," 1,018,917.00 "," 4,004,180,627.00 ", -   , -   , -   ," 7,798,416.00 "," 1,018,917.00 "," 4,004,180,627.00 "
08/04/2025,MIAX Pearl (P)," 1,857,611.00 "," 292,708.00 "," 714,516,120.00 ", -   , -   , -   ," 1,857,611.00 "," 292,708.00 "," 714,516,120.00 "
08/04/2025,NASDAQ Options Market (Q)," 3,691,765.00 "," 572,164.00 "," 1,709,203,694.00 ", -   , -   , -   ," 3,691,765.00 "," 572,164.00 "," 1,709,203,694.00 "
08/04/2025,MIAX Sapphire (S)," 1,588,132.00 "," 195,528.00 "," 702,286,966.00 ", -   , -   , -   ," 1,588,132.00 "," 195,528.00 "," 702,286,966.00 "
08/04/2025,Nasdaq BX Options (T)," 1,150,839.00 "," 136,130.00 "," 417,131,373.00 ", -   , -   , -   ," 1,150,839.00 "," 136,130.00 "," 417,131,373.00 "
08/04/2025,Members Exchange (U)," 2,573,500.00 "," 348,990.00 "," 983,556,202.00 ", -   , -   , -   ," 2,573,500.00 "," 348,990.00 "," 983,556,202.00 "
08/04/2025,Cboe C2 Options Exchange (W)," 1,748,304.00 "," 226,180.00 "," 813,398,325.00 "," 14,702.00 "," 4,390.00 "," 74,675,876.00 "," 1,763,006.00 "," 230,570.00 "," 888,074,201.00 "
08/04/2025,Nasdaq PHLX (X)," 5,833,807.00 "," 547,947.00 "," 2,805,571,316.30 "," 34,653.00 "," 16,992.00 "," 783,591,078.00 "," 5,868,460.00 "," 564,939.00 "," 3,589,162,394.30 "
08/04/2025,Cboe BZX Options Exchange (Z)," 2,782,755.00 "," 413,617.00 "," 1,214,263,702.00 "," 5,183.00 "," 1,117.00 "," 24,634,217.00 "," 2,787,938.00 "," 414,734.00 "," 1,238,897,919.00 "
07/04/2025,NYSE American Options (A)," 3,039,448.00 "," 253,647.00 "," 1,694,270,856.10 ", -   , -   , -   ," 3,039,448.00 "," 253,647.00 "," 1,694,270,856.10 "
07/04/2025,BOX Options (B)," 3,840,002.00 "," 358,934.00 "," 2,517,635,048.00 ", -   , -   , -   ," 3,840,002.00 "," 358,934.00 "," 2,517,635,048.00 "
07/04/2025,Cboe Options Exchange (C)," 5,149,032.00 "," 804,274.00 "," 3,375,719,606.00 "," 6,193,067.00 "," 914,270.00 "," 43,217,134,824.00 "," 11,342,099.00 "," 1,718,544.00 "," 46,592,854,430.00 "
07/04/2025,MIAX Emerald (D)," 2,511,911.00 "," 435,968.00 "," 1,381,558,825.00 ", -   , -   , -   ," 2,511,911.00 "," 435,968.00 "," 1,381,558,825.00 "
07/04/2025,Cboe EDGX Options Exchange (E)," 4,023,527.00 "," 586,591.00 "," 2,426,394,233.00 ", -   , -   , -   ," 4,023,527.00 "," 586,591.00 "," 2,426,394,233.00 "
07/04/2025,Nasdaq GEMX (H)," 2,667,990.00 "," 353,078.00 "," 1,339,089,437.00 ", 657.00 , 325.00 ," 34,574,141.00 "," 2,668,647.00 "," 353,403.00 "," 1,373,663,578.00 "
07/04/2025,Nasdaq ISE (I)," 4,262,349.00 "," 612,851.00 "," 2,906,147,174.50 "," 22,779.00 "," 9,690.00 "," 655,141,588.00 "," 4,285,128.00 "," 622,541.00 "," 3,561,288,762.50 "
07/04/2025,Nasdaq MRX (J)," 1,619,184.00 "," 257,213.00 "," 901,333,150.00 ", -   , -   , -   ," 1,619,184.00 "," 257,213.00 "," 901,333,150.00 "
07/04/2025,MIAX Options Exchange (M)," 4,181,643.00 "," 768,190.00 "," 2,673,818,406.00 ", -   , -   , -   ," 4,181,643.00 "," 768,190.00 "," 2,673,818,406.00 "
07/04/2025,NYSE Arca Options (N)," 8,488,680.00 "," 1,049,751.00 "," 4,766,147,845.00 ", -   , -   , -   ," 8,488,680.00 "," 1,049,751.00 "," 4,766,147,845.00 "
07/04/2025,MIAX Pearl (P)," 1,854,242.00 "," 299,437.00 "," 846,434,788.00 ", -   , -   , -   ," 1,854,242.00 "," 299,437.00 "," 846,434,788.00 "
07/04/2025,NASDAQ Options Market (Q)," 3,802,670.00 "," 535,650.00 "," 1,975,479,533.00 ", -   , -   , -   ," 3,802,670.00 "," 535,650.00 "," 1,975,479,533.00 "
07/04/2025,MIAX Sapphire (S)," 1,430,928.00 "," 182,896.00 "," 843,401,213.00 ", -   , -   , -   ," 1,430,928.00 "," 182,896.00 "," 843,401,213.00 "
07/04/2025,Nasdaq BX Options (T)," 1,045,849.00 "," 136,642.00 "," 476,321,741.00 ", -   , -   , -   ," 1,045,849.00 "," 136,642.00 "," 476,321,741.00 "
07/04/2025,Members Exchange (U)," 2,412,996.00 "," 346,841.00 "," 1,064,109,508.25 ", -   , -   , -   ," 2,412,996.00 "," 346,841.00 "," 1,064,109,508.25 "
07/04/2025,Cboe C2 Options Exchange (W)," 1,715,950.00 "," 253,531.00 "," 1,021,906,609.00 "," 14,700.00 "," 4,038.00 "," 106,821,996.00 "," 1,730,650.00 "," 257,569.00 "," 1,128,728,605.00 "
07/04/2025,Nasdaq PHLX (X)," 6,260,726.00 "," 583,647.00 "," 4,043,865,915.00 "," 29,755.00 "," 13,802.00 "," 734,695,046.00 "," 6,290,481.00 "," 597,449.00 "," 4,778,560,961.00 "
07/04/2025,Cboe BZX Options Exchange (Z)," 2,909,546.00 "," 436,479.00 "," 1,459,332,045.00 "," 3,500.00 ", 851.00 ," 17,907,368.00 "," 2,913,046.00 "," 437,330.00 "," 1,477,239,413.00 "
04/04/2025,NYSE American Options (A)," 6,286,806.00 "," 428,942.00 "," 2,409,120,337.00 ", -   , -   , -   ," 6,286,806.00 "," 428,942.00 "," 2,409,120,337.00 "
04/04/2025,BOX Options (B)," 7,185,712.00 "," 675,687.00 "," 3,363,378,705.00 ", -   , -   , -   ," 7,185,712.00 "," 675,687.00 "," 3,363,378,705.00 "
04/04/2025,Cboe Options Exchange (C)," 9,717,264.00 "," 1,103,253.00 "," 5,111,459,651.50 "," 8,713,224.00 "," 1,186,088.00 "," 46,081,174,404.00 "," 18,430,488.00 "," 2,289,341.00 "," 51,192,634,055.50 "
04/04/2025,MIAX Emerald (D)," 2,933,902.00 "," 482,004.00 "," 1,275,018,667.00 ", -   , -   , -   ," 2,933,902.00 "," 482,004.00 "," 1,275,018,667.00 "
04/04/2025,Cboe EDGX Options Exchange (E)," 5,699,015.00 "," 706,276.00 "," 3,020,711,850.50 ", -   , -   , -   ," 5,699,015.00 "," 706,276.00 "," 3,020,711,850.50 "
04/04/2025,Nasdaq GEMX (H)," 3,390,573.00 "," 370,396.00 "," 1,411,221,099.50 ", 449.00 , 222.00 ," 23,310,587.00 "," 3,391,022.00 "," 370,618.00 "," 1,434,531,686.50 "
04/04/2025,Nasdaq ISE (I)," 6,570,499.00 "," 774,317.00 "," 3,818,112,324.20 "," 29,483.00 "," 12,323.00 "," 695,975,238.00 "," 6,599,982.00 "," 786,640.00 "," 4,514,087,562.20 "
04/04/2025,Nasdaq MRX (J)," 2,114,298.00 "," 297,746.00 "," 892,680,136.00 ", -   , -   , -   ," 2,114,298.00 "," 297,746.00 "," 892,680,136.00 "
04/04/2025,MIAX Options Exchange (M)," 5,877,075.00 "," 967,773.00 "," 2,978,818,475.00 ", -   , -   , -   ," 5,877,075.00 "," 967,773.00 "," 2,978,818,475.00 "
04/04/2025,NYSE Arca Options (N)," 12,027,643.00 "," 1,263,014.00 "," 5,633,984,430.00 ", -   , -   , -   ," 12,027,643.00 "," 1,263,014.00 "," 5,633,984,430.00 "
04/04/2025,MIAX Pearl (P)," 2,455,543.00 "," 356,108.00 "," 856,407,567.00 ", -   , -   , -   ," 2,455,543.00 "," 356,108.00 "," 856,407,567.00 "
04/04/2025,NASDAQ Options Market (Q)," 5,706,846.00 "," 709,105.00 "," 2,411,705,229.00 ", -   , -   , -   ," 5,706,846.00 "," 709,105.00 "," 2,411,705,229.00 "
04/04/2025,MIAX Sapphire (S)," 2,185,104.00 "," 265,570.00 "," 881,456,605.00 ", -   , -   , -   ," 2,185,104.00 "," 265,570.00 "," 881,456,605.00 "
04/04/2025,Nasdaq BX Options (T)," 1,397,449.00 "," 144,384.00 "," 448,793,469.00 ", -   , -   , -   ," 1,397,449.00 "," 144,384.00 "," 448,793,469.00 "
04/04/2025,Members Exchange (U)," 3,135,668.00 "," 406,505.00 "," 1,112,635,635.00 ", -   , -   , -   ," 3,135,668.00 "," 406,505.00 "," 1,112,635,635.00 "
04/04/2025,Cboe C2 Options Exchange (W)," 2,360,063.00 "," 287,549.00 "," 1,014,011,785.50 "," 15,834.00 "," 5,234.00 "," 98,594,284.00 "," 2,375,897.00 "," 292,783.00 "," 1,112,606,069.50 "
04/04/2025,Nasdaq PHLX (X)," 8,791,607.00 "," 676,054.00 "," 4,647,260,205.10 "," 39,257.00 "," 19,319.00 "," 826,906,679.00 "," 8,830,864.00 "," 695,373.00 "," 5,474,166,884.10 "
04/04/2025,Cboe BZX Options Exchange (Z)," 3,957,372.00 "," 545,077.00 "," 1,555,233,224.50 "," 4,842.00 "," 1,529.00 "," 32,409,537.00 "," 3,962,214.00 "," 546,606.00 "," 1,587,642,761.50 "
03/04/2025,NYSE American Options (A)," 3,751,044.00 "," 342,675.00 "," 1,455,543,501.00 ", -   , -   , -   ," 3,751,044.00 "," 342,675.00 "," 1,455,543,501.00 "
03/04/2025,BOX Options (B)," 6,446,709.00 "," 558,937.00 "," 4,497,460,197.00 ", -   , -   , -   ," 6,446,709.00 "," 558,937.00 "," 4,497,460,197.00 "
03/04/2025,Cboe Options Exchange (C)," 6,517,539.00 "," 835,728.00 "," 5,300,154,201.00 "," 6,704,826.00 "," 1,072,390.00 "," 22,102,895,868.00 "," 13,222,365.00 "," 1,908,118.00 "," 27,403,050,069.00 "
03/04/2025,MIAX Emerald (D)," 2,443,978.00 "," 422,476.00 "," 846,900,244.00 ", -   , -   , -   ," 2,443,978.00 "," 422,476.00 "," 846,900,244.00 "
03/04/2025,Cboe EDGX Options Exchange (E)," 5,309,345.00 "," 689,876.00 "," 1,744,508,467.00 ", -   , -   , -   ," 5,309,345.00 "," 689,876.00 "," 1,744,508,467.00 "
03/04/2025,Nasdaq GEMX (H)," 2,577,140.00 "," 299,725.00 "," 851,970,298.00 ", 396.00 , 222.00 ," 11,211,200.00 "," 2,577,536.00 "," 299,947.00 "," 863,181,498.00 "
03/04/2025,Nasdaq ISE (I)," 4,530,367.00 "," 586,852.00 "," 2,033,229,279.75 "," 25,543.00 "," 11,517.00 "," 331,845,246.00 "," 4,555,910.00 "," 598,369.00 "," 2,365,074,525.75 "
03/04/2025,Nasdaq MRX (J)," 1,817,817.00 "," 252,300.00 "," 612,216,984.00 ", -   , -   , -   ," 1,817,817.00 "," 252,300.00 "," 612,216,984.00 "
03/04/2025,MIAX Options Exchange (M)," 4,430,053.00 "," 771,254.00 "," 1,766,187,099.00 ", -   , -   , -   ," 4,430,053.00 "," 771,254.00 "," 1,766,187,099.00 "
03/04/2025,NYSE Arca Options (N)," 8,669,323.00 "," 958,236.00 "," 3,387,242,897.00 ", -   , -   , -   ," 8,669,323.00 "," 958,236.00 "," 3,387,242,897.00 "
03/04/2025,MIAX Pearl (P)," 1,736,764.00 "," 242,544.00 "," 504,829,371.00 ", -   , -   , -   ," 1,736,764.00 "," 242,544.00 "," 504,829,371.00 "
03/04/2025,NASDAQ Options Market (Q)," 3,920,707.00 "," 510,931.00 "," 1,392,706,555.00 ", -   , -   , -   ," 3,920,707.00 "," 510,931.00 "," 1,392,706,555.00 "
03/04/2025,MIAX Sapphire (S)," 1,491,988.00 "," 195,238.00 "," 451,289,691.00 ", -   , -   , -   ," 1,491,988.00 "," 195,238.00 "," 451,289,691.00 "
03/04/2025,Nasdaq BX Options (T)," 1,157,170.00 "," 109,826.00 "," 297,702,086.00 ", -   , -   , -   ," 1,157,170.00 "," 109,826.00 "," 297,702,086.00 "
03/04/2025,Members Exchange (U)," 2,449,483.00 "," 311,908.00 "," 750,337,649.00 ", -   , -   , -   ," 2,449,483.00 "," 311,908.00 "," 750,337,649.00 "
03/04/2025,Cboe C2 Options Exchange (W)," 1,974,469.00 "," 244,357.00 "," 685,957,984.00 "," 20,432.00 "," 6,345.00 "," 91,751,829.00 "," 1,994,901.00 "," 250,702.00 "," 777,709,813.00 "
03/04/2025,Nasdaq PHLX (X)," 6,740,698.00 "," 538,355.00 "," 4,429,728,241.00 "," 40,048.00 "," 20,811.00 "," 616,010,880.00 "," 6,780,746.00 "," 559,166.00 "," 5,045,739,121.00 "
03/04/2025,Cboe BZX Options Exchange (Z)," 2,991,718.00 "," 408,605.00 "," 1,091,364,976.00 "," 6,523.00 "," 1,703.00 "," 33,696,860.00 "," 2,998,241.00 "," 410,308.00 "," 1,125,061,836.00 "
